הגרלה,תאריך,1,2,3,4,5,6,המספר החזק/נוסף,מספר_זוכים_לוטו,מספר_זוכים_דאבל_לוטו
1,12-04-21,2,5,6,7,15,30,7,0,0
2,10-04-21,2,7,8,10,30,31,1,0,0
3,06-04-21,5,13,15,21,22,33,7,0,0
4,03-04-21,3,5,7,9,19,27,5,0,1
5,30-03-21,1,7,16,23,28,34,5,0,0
6,25-03-21,1,5,25,27,28,31,4,0,0
7,23-03-21,8,16,22,26,28,34,7,0,0
8,20-03-21,11,12,18,33,35,36,5,0,0
9,16-03-21,4,5,14,17,24,32,5,0,1
10,13-03-21,1,6,12,14,18,34,3,0,0
11,09-03-21,1,5,24,25,29,35,3,0,0
12,06-03-21,7,13,15,22,29,34,1,0,0
13,04-03-21,7,20,24,26,27,37,4,0,0
14,02-03-21,8,15,19,23,27,37,7,1,0
15,28-02-21,14,16,22,23,29,30,6,0,0
16,23-02-21,4,12,13,15,16,24,2,0,0
17,20-02-21,8,10,15,20,23,32,7,0,0
18,16-02-21,5,9,18,21,30,33,7,0,0
19,13-02-21,5,22,26,31,33,36,5,0,0
20,09-02-21,3,7,12,13,20,31,7,0,0
21,06-02-21,3,16,18,20,30,36,3,0,0
22,02-02-21,6,21,28,30,32,35,1,0,0
23,30-01-21,14,17,19,20,28,29,3,0,0
24,26-01-21,2,4,17,31,33,35,3,1,0
25,23-01-21,3,7,12,16,23,37,6,0,0
26,19-01-21,6,14,17,22,24,33,1,0,0
27,16-01-21,1,9,17,22,33,36,1,0,0
28,12-01-21,2,9,11,13,35,37,2,0,0
29,09-01-21,12,24,25,28,34,37,3,0,0
30,05-01-21,5,12,14,16,17,24,2,0,0
31,02-01-21,6,19,20,25,27,32,3,1,0
32,29-12-20,12,13,16,21,25,33,3,0,0
33,26-12-20,1,10,17,20,35,36,7,0,0
34,22-12-20,1,5,12,27,32,36,1,0,0
35,19-12-20,3,9,11,22,26,34,5,0,0
36,15-12-20,3,8,9,16,20,21,5,0,0
37,12-12-20,3,5,19,20,31,37,7,0,0
38,08-12-20,8,10,16,18,23,30,7,1,2
39,05-12-20,1,15,21,25,33,37,3,0,0
40,03-12-20,9,16,19,23,26,33,7,0,0
41,01-12-20,3,4,12,16,22,31,3,0,0
42,28-11-20,5,8,9,11,18,22,1,0,0
43,24-11-20,1,5,22,27,28,29,5,0,0
44,21-11-20,2,13,21,22,23,25,1,0,0
45,19-11-20,4,17,25,27,34,37,3,0,0
46,17-11-20,2,20,24,25,32,34,3,0,0
47,14-11-20,9,19,22,24,29,34,7,0,0
48,10-11-20,5,6,12,18,23,31,2,0,0
49,07-11-20,5,10,14,23,26,35,2,0,0
50,03-11-20,1,17,23,24,32,37,1,0,1
51,31-10-20,5,11,14,24,30,36,7,0,0
52,27-10-20,3,17,19,22,23,28,3,0,0
53,24-10-20,20,22,31,32,36,37,3,0,0
54,20-10-20,2,8,15,22,24,35,3,1,0
55,17-09-20,5,10,12,14,24,29,5,0,0
56,15-09-20,1,8,14,19,29,37,6,0,0
57,12-09-20,2,5,12,17,23,32,4,0,0
58,08-09-20,5,6,13,16,20,28,3,0,0
59,05-09-20,6,19,23,28,33,34,3,0,0
60,03-09-20,4,6,24,26,35,36,1,0,0
61,01-09-20,4,5,8,13,17,28,5,0,0
62,29-08-20,3,6,14,22,32,37,1,0,0
63,25-08-20,2,12,19,20,21,36,5,0,0
64,22-08-20,11,12,29,31,34,35,7,0,0
65,20-08-20,2,6,7,19,24,28,1,0,1
66,18-08-20,6,20,21,24,30,31,3,0,0
67,15-08-20,1,12,14,17,24,28,1,0,0
68,11-08-20,15,18,21,24,28,34,2,0,0
69,08-08-20,5,9,14,27,29,34,2,0,0
70,06-08-20,10,20,24,26,28,35,6,0,0
71,04-08-20,4,17,20,21,33,34,6,0,1
72,01-08-20,4,6,7,15,16,34,6,0,0
73,28-07-20,1,3,11,13,25,34,3,1,0
74,25-07-20,12,13,17,21,23,25,6,0,0
75,21-07-20,3,6,10,12,30,36,5,0,0
76,18-07-20,4,9,12,30,31,33,5,0,0
77,14-07-20,6,20,22,30,32,33,5,0,0
78,11-07-20,10,12,18,28,34,37,4,0,0
79,07-07-20,1,7,9,21,31,36,4,0,0
80,04-07-20,1,4,8,27,28,33,7,0,0
81,02-07-20,10,12,13,24,25,31,7,0,0
82,30-06-20,22,24,26,27,28,29,2,0,0
83,27-06-20,1,6,13,21,25,28,1,0,0
84,23-06-20,1,3,18,19,25,30,1,0,0
85,20-06-20,3,5,10,11,18,23,2,0,1
86,18-06-20,5,6,8,18,20,30,5,0,0
87,16-06-20,18,19,28,30,32,35,3,0,0
88,13-06-20,5,12,15,22,24,31,5,0,0
89,09-06-20,13,14,21,24,27,30,3,0,0
90,06-06-20,7,8,18,23,25,37,6,0,0
91,04-06-20,5,15,26,28,32,37,3,0,0
92,02-06-20,2,13,22,23,25,30,6,1,0
93,30-05-20,1,13,25,27,33,37,5,0,0
94,26-05-20,9,16,22,26,30,36,6,0,0
95,23-05-20,5,8,10,12,14,22,4,1,1
96,19-05-20,20,21,23,26,29,33,5,0,0
97,16-05-20,10,11,14,19,24,35,6,0,0
98,12-05-20,2,7,12,20,21,29,3,0,0
99,09-05-20,8,9,13,24,26,34,1,0,0
100,07-05-20,5,7,10,13,20,29,3,0,0
101,05-05-20,1,2,6,8,20,37,1,0,0
102,02-05-20,1,13,16,32,33,37,2,0,1
103,25-04-20,15,16,18,20,28,37,4,0,0
104,17-03-20,3,7,9,23,25,33,5,0,1
105,14-03-20,11,13,17,18,32,35,7,1,0
106,10-03-20,11,19,23,27,30,36,1,0,1
107,07-03-20,14,19,21,22,23,32,5,0,0
108,05-03-20,4,10,15,18,26,32,6,0,0
109,03-03-20,2,4,20,23,25,35,5,0,0
110,29-02-20,7,21,25,27,30,31,6,0,0
111,25-02-20,6,16,18,28,33,37,2,0,0
112,22-02-20,1,15,22,23,29,33,3,0,0
113,18-02-20,7,8,15,20,27,29,4,0,0
114,15-02-20,4,8,10,14,21,35,2,1,0
115,11-02-20,5,6,12,16,25,33,1,0,0
116,08-02-20,1,19,20,32,34,35,4,0,0
117,06-02-20,5,9,13,14,17,33,2,0,0
118,04-02-20,9,21,25,27,32,34,4,1,0
119,01-02-20,8,12,26,28,32,33,3,1,0
120,28-01-20,12,14,16,17,31,36,5,0,0
121,25-01-20,3,4,17,22,27,34,7,0,0
122,21-01-20,1,4,6,30,35,36,4,0,0
123,18-01-20,5,9,12,28,30,36,1,0,0
124,16-01-20,8,21,23,24,36,37,2,0,0
125,14-01-20,6,16,23,25,27,30,6,0,0
126,11-01-20,7,14,16,31,32,35,3,0,0
127,07-01-20,2,6,9,27,35,37,7,0,0
128,04-01-20,1,7,12,18,31,33,3,0,0
129,31-12-19,1,5,8,15,17,31,2,0,0
130,28-12-19,2,17,18,29,31,32,2,0,0
131,24-12-19,2,11,16,21,22,31,7,0,0
132,21-12-19,1,6,7,16,26,36,1,1,0
133,19-12-19,4,13,15,22,30,37,2,0,0
134,17-12-19,2,5,12,14,29,33,3,0,0
135,14-12-19,2,3,5,9,24,32,6,0,0
136,10-12-19,6,15,28,31,34,35,2,0,0
137,07-12-19,2,15,20,26,27,30,7,0,0
138,05-12-19,8,9,10,17,30,34,4,0,0
139,03-12-19,9,10,16,20,32,34,3,0,0
140,30-11-19,6,17,20,25,33,36,3,0,0
141,26-11-19,2,5,8,22,24,29,5,0,0
142,23-11-19,6,7,14,19,20,28,1,0,0
143,21-11-19,4,7,9,14,20,22,4,0,0
144,19-11-19,2,10,15,17,18,24,1,0,0
145,16-11-19,3,8,31,32,34,35,5,0,0
146,12-11-19,2,6,14,19,27,29,3,0,0
147,09-11-19,10,16,19,30,34,37,4,0,0
148,07-11-19,1,19,21,26,30,33,3,0,0
149,05-11-19,9,11,14,19,23,33,2,1,0
150,02-11-19,1,11,27,29,33,37,6,0,0
151,29-10-19,3,13,20,26,29,35,1,1,0
152,26-10-19,1,15,19,23,28,32,3,0,0
153,22-10-19,5,14,15,19,20,31,3,0,0
154,19-10-19,4,5,10,16,17,18,3,1,0
155,15-10-19,3,4,6,8,14,35,1,0,0
156,12-10-19,1,5,12,22,34,37,6,0,0
157,10-10-19,8,14,16,26,32,35,2,0,0
158,05-10-19,6,8,12,13,32,35,4,0,0
159,02-10-19,1,22,32,33,35,37,4,0,0
160,28-09-19,3,19,25,30,33,34,6,0,0
161,24-09-19,5,6,7,14,26,37,4,0,1
162,21-09-19,2,11,22,32,35,37,3,0,0
163,17-09-19,2,8,16,19,29,33,7,0,0
164,14-09-19,7,16,17,27,32,37,6,0,0
165,10-09-19,3,12,13,17,18,36,5,0,0
166,07-09-19,6,10,29,32,33,34,3,0,0
167,05-09-19,1,7,10,24,28,37,7,0,0
168,03-09-19,1,4,6,17,20,34,1,0,0
169,31-08-19,1,3,18,21,23,36,3,0,0
170,27-08-19,2,6,9,12,16,18,2,1,0
171,24-08-19,4,5,6,9,20,37,6,1,0
172,20-08-19,9,16,21,25,27,36,5,0,0
173,17-08-19,11,13,17,24,34,36,1,0,0
174,13-08-19,1,13,15,27,31,35,4,0,0
175,11-08-19,11,17,25,33,35,36,3,0,0
176,08-08-19,6,10,22,25,30,37,1,0,0
177,06-08-19,1,14,25,29,30,33,3,0,0
178,03-08-19,11,19,20,27,30,37,5,0,0
179,30-07-19,6,10,11,24,32,36,4,0,0
180,27-07-19,4,13,17,28,35,37,3,0,0
181,23-07-19,1,10,28,31,32,35,6,0,0
182,20-07-19,14,17,25,26,29,35,7,0,0
183,16-07-19,3,4,7,18,22,23,2,1,0
184,13-07-19,13,15,16,28,31,32,6,0,0
185,09-07-19,1,10,12,14,27,29,2,0,0
186,06-07-19,4,18,19,23,24,37,5,0,0
187,04-07-19,8,18,26,29,31,36,4,0,0
188,02-07-19,1,28,29,30,32,34,5,0,0
189,29-06-19,10,11,14,24,27,35,3,1,1
190,25-06-19,17,22,26,28,34,36,5,1,0
191,22-06-19,3,10,11,17,24,36,7,0,0
192,20-06-19,4,11,16,25,35,36,6,1,0
193,18-06-19,1,9,13,19,20,34,5,0,0
194,15-06-19,4,7,8,9,16,31,1,0,0
195,11-06-19,4,13,17,19,25,37,1,0,0
196,09-06-19,3,13,14,20,22,23,3,0,0
197,06-06-19,10,12,15,19,27,28,3,0,0
198,04-06-19,1,6,19,22,25,32,5,0,0
199,01-06-19,4,5,19,24,31,37,6,0,0
200,28-05-19,1,4,11,14,17,22,2,0,0
201,25-05-19,3,10,16,25,29,32,1,0,0
202,21-05-19,17,20,22,24,28,32,7,1,0
203,18-05-19,3,27,29,31,32,33,3,0,0
204,16-05-19,1,8,13,21,25,31,5,0,0
205,14-05-19,1,12,16,20,30,36,6,0,0
206,11-05-19,6,18,19,23,24,28,4,0,1
207,06-05-19,7,8,11,14,16,22,5,0,0
208,04-05-19,9,10,11,13,15,21,3,0,1
209,30-04-19,1,12,17,21,25,26,2,0,0
210,28-04-19,8,19,26,30,31,36,2,0,0
211,23-04-19,2,8,15,27,31,35,4,0,0
212,20-04-19,1,8,15,22,31,35,4,0,0
213,16-04-19,12,13,15,17,25,31,2,0,0
214,13-04-19,10,13,14,19,20,25,6,0,0
215,09-04-19,1,3,6,9,14,28,1,0,0
216,06-04-19,3,4,5,18,23,29,4,0,0
217,04-04-19,4,5,19,25,31,32,3,0,0
218,02-04-19,1,11,17,21,33,34,1,1,0
219,30-03-19,4,6,10,18,22,25,6,0,0
220,26-03-19,1,15,20,22,23,31,4,0,0
221,23-03-19,3,5,7,18,23,27,7,0,0
222,19-03-19,3,22,24,25,28,37,6,0,0
223,16-03-19,7,11,12,25,28,31,6,1,0
224,12-03-19,6,20,25,30,33,35,1,0,0
225,09-03-19,12,14,15,18,20,21,5,1,0
226,07-03-19,11,14,19,20,21,26,2,0,0
227,05-03-19,2,21,25,27,28,36,6,0,0
228,02-03-19,20,25,28,34,36,37,6,0,0
229,26-02-19,5,6,12,16,29,34,5,1,0
230,23-02-19,12,15,21,24,30,32,7,0,0
231,19-02-19,3,9,23,24,25,26,2,0,0
232,16-02-19,3,9,11,13,21,25,7,0,0
233,12-02-19,10,11,17,21,23,32,7,0,0
234,09-02-19,3,7,9,21,22,33,7,0,0
235,07-02-19,4,13,18,22,28,34,3,0,0
236,05-02-19,1,6,12,17,22,26,6,0,1
237,02-02-19,11,18,19,25,35,37,5,0,0
238,29-01-19,1,13,20,25,31,33,2,2,0
239,26-01-19,11,12,26,34,36,37,2,0,0
240,22-01-19,3,10,13,17,33,37,2,0,0
241,19-01-19,4,9,17,26,27,37,2,0,0
242,15-01-19,6,7,17,28,33,36,7,0,1
243,12-01-19,8,15,20,24,25,33,4,0,0
244,08-01-19,5,8,14,15,18,25,3,0,0
245,05-01-19,6,9,13,20,26,36,7,0,0
246,03-01-19,8,14,20,23,24,28,4,0,0
247,01-01-19,7,13,15,16,20,31,7,0,0
248,29-12-18,3,7,11,17,19,31,6,1,0
249,27-12-18,12,13,19,21,35,36,6,0,0
250,25-12-18,6,9,10,11,18,29,5,2,1
251,22-12-18,16,17,19,29,34,37,4,0,0
252,18-12-18,3,16,19,22,25,26,2,0,0
253,15-12-18,1,3,4,13,23,28,5,0,0
254,13-12-18,1,10,18,25,31,36,6,0,0
255,11-12-18,15,21,23,27,36,37,3,0,0
256,08-12-18,8,11,13,18,25,31,6,0,0
257,04-12-18,1,3,7,9,15,22,2,0,0
258,01-12-18,7,8,25,31,32,35,7,1,0
259,27-11-18,3,5,8,18,19,29,2,0,0
260,24-11-18,2,12,14,18,22,25,7,1,0
261,20-11-18,3,5,16,18,21,26,2,0,0
262,17-11-18,6,16,23,24,30,33,1,0,0
263,13-11-18,9,20,25,27,34,37,2,0,0
264,10-11-18,16,18,20,22,24,25,4,0,0
265,06-11-18,8,9,13,14,27,29,5,0,0
266,03-11-18,2,7,9,19,24,25,7,0,0
267,01-11-18,4,8,13,20,27,29,6,0,0
268,30-10-18,6,7,11,17,22,29,6,0,0
269,27-10-18,11,17,19,25,27,28,2,1,0
270,23-10-18,4,16,23,29,35,36,4,0,0
271,20-10-18,7,20,21,25,35,37,3,0,0
272,16-10-18,8,13,14,27,30,37,6,0,0
273,13-10-18,1,5,15,17,23,37,5,2,1
274,09-10-18,6,16,21,27,28,29,1,0,0
275,06-10-18,1,3,13,17,21,32,1,0,0
276,04-10-18,7,14,18,27,34,37,7,0,0
277,02-10-18,4,12,21,24,35,37,7,0,0
278,29-09-18,1,8,15,16,20,31,6,0,0
279,25-09-18,6,13,22,25,29,37,5,0,0
280,22-09-18,7,11,18,20,21,22,1,0,0
281,17-09-18,2,12,16,17,28,36,4,0,0
282,15-09-18,4,8,13,18,21,32,7,0,0
283,12-09-18,7,8,11,20,30,37,7,0,0
284,08-09-18,4,6,20,23,28,34,2,0,0
285,06-09-18,1,4,7,8,12,16,1,0,0
286,04-09-18,7,9,12,16,27,33,4,0,0
287,01-09-18,9,18,24,28,30,36,7,0,0
288,28-08-18,1,4,27,34,36,37,7,0,0
289,25-08-18,10,13,18,26,31,33,4,0,0
290,21-08-18,1,5,11,12,22,27,2,0,0
291,18-08-18,1,3,18,20,23,37,4,1,0
292,14-08-18,7,13,16,18,19,28,5,0,0
293,11-08-18,4,5,8,25,26,33,7,0,0
294,07-08-18,2,6,17,22,30,33,5,0,0
295,04-08-18,9,16,22,23,25,28,3,0,0
296,02-08-18,2,9,11,16,23,35,1,0,0
297,31-07-18,2,14,25,26,32,33,4,0,0
298,28-07-18,6,9,26,29,36,37,1,1,0
299,24-07-18,2,9,15,26,29,35,5,0,1
300,22-07-18,3,11,13,25,28,35,1,1,0
301,17-07-18,13,19,21,27,29,32,3,0,0
302,14-07-18,11,22,27,32,34,36,3,0,0
303,10-07-18,2,7,8,9,10,15,2,1,2
304,07-07-18,8,11,22,29,30,32,1,0,0
305,05-07-18,7,13,15,19,28,36,6,0,0
306,03-07-18,5,7,11,12,28,34,5,0,0
307,30-06-18,2,9,11,13,19,28,3,0,0
308,26-06-18,1,3,29,30,32,37,3,0,0
309,23-06-18,2,9,13,17,21,26,6,0,0
310,21-06-18,19,26,30,31,33,35,3,0,0
311,19-06-18,5,7,11,14,23,36,2,1,0
312,16-06-18,8,10,18,23,29,30,7,0,0
313,12-06-18,5,9,10,12,34,35,1,0,0
314,09-06-18,8,10,14,17,25,34,5,0,0
315,07-06-18,1,3,11,15,26,32,7,0,0
316,05-06-18,1,8,19,22,34,35,6,0,0
317,02-06-18,9,20,22,23,27,32,7,0,0
318,29-05-18,12,13,16,20,21,32,2,0,0
319,26-05-18,18,21,23,25,27,34,7,0,0
320,22-05-18,1,13,26,31,34,37,4,0,0
321,20-05-18,7,10,21,27,33,36,5,1,0
322,15-05-18,2,4,10,14,23,28,6,0,0
323,12-05-18,6,10,18,23,33,36,6,0,0
324,10-05-18,4,8,11,29,34,35,7,0,0
325,08-05-18,2,14,18,23,30,32,4,0,0
326,05-05-18,10,12,22,23,30,37,5,3,0
327,01-05-18,4,6,9,12,32,36,1,0,0
328,28-04-18,4,6,7,10,11,18,2,0,0
329,26-04-18,5,11,16,18,23,26,1,0,0
330,24-04-18,13,15,26,27,29,37,7,1,0
331,21-04-18,6,7,12,22,23,28,6,2,0
332,16-04-18,2,10,11,22,28,33,6,0,0
333,14-04-18,5,11,12,18,28,35,3,0,0
334,10-04-18,1,7,11,22,24,34,2,0,0
335,08-04-18,1,23,26,31,33,37,5,0,0
336,03-04-18,3,10,11,20,24,30,2,0,0
337,31-03-18,1,2,3,13,22,30,7,0,0
338,27-03-18,2,9,17,23,27,31,1,0,0
339,24-03-18,2,5,8,20,22,28,3,2,0
340,20-03-18,5,6,11,13,21,30,5,0,0
341,17-03-18,7,8,10,19,27,37,6,0,0
342,13-03-18,22,24,28,29,30,33,4,0,0
343,10-03-18,3,25,26,30,31,34,3,0,0
344,08-03-18,9,11,15,22,28,32,2,0,0
345,06-03-18,4,11,13,24,25,34,5,0,0
346,03-03-18,1,2,3,10,16,37,5,0,0
347,27-02-18,5,10,12,19,20,25,4,0,0
348,24-02-18,2,6,9,13,35,37,3,0,0
349,20-02-18,5,6,10,12,18,26,2,0,0
350,17-02-18,1,3,5,17,18,26,5,0,0
351,13-02-18,2,5,11,12,15,33,6,0,1
352,10-02-18,4,5,11,16,18,20,6,0,0
353,06-02-18,17,19,20,27,29,33,1,0,0
354,03-02-18,5,13,15,23,28,35,2,0,0
355,01-02-18,2,6,17,21,30,35,3,0,0
356,30-01-18,5,21,22,25,32,36,6,0,0
357,27-01-18,9,16,22,26,28,37,1,0,0
358,23-01-18,7,13,16,17,29,34,1,0,0
359,20-01-18,3,6,11,16,26,34,6,0,1
360,16-01-18,3,12,15,20,23,26,4,0,0
361,13-01-18,7,11,23,30,32,34,1,0,0
362,09-01-18,6,11,13,29,32,34,2,0,0
363,06-01-18,2,6,12,18,26,28,1,0,0
364,04-01-18,1,3,12,23,28,31,4,0,0
365,02-01-18,4,6,7,10,20,28,1,0,0
366,30-12-17,3,6,17,18,34,36,2,0,0
367,28-12-17,6,7,8,17,18,29,1,0,0
368,26-12-17,3,18,19,29,36,37,6,0,0
369,23-12-17,7,9,25,30,31,36,1,0,0
370,19-12-17,3,9,11,12,28,35,4,1,0
371,16-12-17,3,6,10,11,26,29,6,0,0
372,12-12-17,2,10,15,17,25,33,6,0,0
373,09-12-17,10,18,27,30,32,37,1,0,0
374,07-12-17,6,7,18,21,26,33,3,0,0
375,05-12-17,15,20,27,28,29,37,3,0,0
376,02-12-17,4,8,13,17,28,33,6,0,0
377,28-11-17,6,10,14,20,31,37,6,0,0
378,25-11-17,6,16,21,25,32,33,7,0,0
379,21-11-17,1,6,8,17,19,24,3,0,0
380,18-11-17,16,22,27,29,33,36,7,0,0
381,14-11-17,20,23,27,28,30,34,3,0,0
382,11-11-17,1,8,10,12,29,34,1,0,0
383,07-11-17,1,6,23,33,34,36,6,0,0
384,04-11-17,6,8,24,28,30,35,5,0,1
385,02-11-17,3,6,9,14,16,35,7,0,0
386,31-10-17,1,6,7,12,34,35,6,0,0
387,28-10-17,23,25,28,30,31,34,3,0,0
388,24-10-17,2,3,12,22,25,27,7,1,2
389,21-10-17,15,20,24,25,29,30,5,0,0
390,19-10-17,8,15,21,23,29,37,2,0,0
391,17-10-17,6,18,26,31,34,37,1,0,0
392,14-10-17,12,18,20,23,25,37,5,0,0
393,10-10-17,4,5,11,27,32,37,1,1,0
394,07-10-17,2,4,12,28,30,32,7,0,0
395,03-10-17,1,2,15,28,29,32,6,0,0
396,01-10-17,3,10,18,20,24,33,2,1,0
397,26-09-17,5,16,20,24,29,34,4,0,0
398,24-09-17,6,8,11,23,25,32,1,0,0
399,19-09-17,2,4,5,9,12,27,5,1,0
400,16-09-17,9,20,21,24,25,37,7,0,0
401,12-09-17,5,6,9,11,15,23,2,1,4
402,09-09-17,7,12,15,18,23,28,1,0,0
403,07-09-17,13,20,25,28,29,30,1,0,0
404,05-09-17,3,6,13,15,28,31,1,0,0
405,02-09-17,1,8,14,21,25,31,1,0,0
406,29-08-17,1,3,22,26,29,36,5,0,0
407,26-08-17,5,10,15,22,25,33,1,0,0
408,24-08-17,12,13,25,27,31,33,3,0,0
409,22-08-17,5,8,10,26,29,35,6,0,0
410,19-08-17,6,17,28,30,32,33,6,0,0
411,15-08-17,6,8,12,14,28,34,4,0,0
412,12-08-17,20,22,29,31,32,33,3,0,0
413,08-08-17,13,17,26,31,35,37,4,0,0
414,05-08-17,4,7,11,12,15,37,4,0,1
415,03-08-17,6,9,21,31,34,35,4,0,0
416,01-08-17,4,10,17,23,28,37,5,0,0
417,29-07-17,1,5,26,31,34,35,4,0,0
418,25-07-17,12,14,19,27,31,34,4,0,0
419,22-07-17,6,7,11,12,23,30,3,0,0
420,18-07-17,7,10,14,17,27,29,4,2,0
421,15-07-17,3,10,20,22,33,37,3,0,0
422,11-07-17,3,5,8,11,22,33,5,1,1
423,08-07-17,9,18,22,24,27,34,6,0,0
424,06-07-17,11,21,22,24,26,30,3,0,0
425,04-07-17,4,8,15,24,36,37,5,0,0
426,01-07-17,19,20,21,24,34,35,5,2,0
427,27-06-17,8,9,14,22,32,33,7,0,0
428,24-06-17,2,3,8,11,26,29,6,0,0
429,20-06-17,2,9,17,19,34,35,2,0,0
430,17-06-17,4,7,10,20,22,26,7,0,0
431,15-06-17,6,12,23,25,26,35,4,0,0
432,13-06-17,4,19,22,28,31,33,7,0,0
433,10-06-17,3,5,10,13,26,27,4,0,0
434,06-06-17,8,18,21,22,26,33,1,0,0
435,03-06-17,10,11,14,17,19,26,5,0,0
436,31-05-17,1,9,14,15,19,25,6,0,0
437,27-05-17,10,13,15,22,32,33,7,0,0
438,23-05-17,2,8,17,20,27,31,7,0,1
439,20-05-17,1,3,8,10,11,31,3,1,0
440,16-05-17,8,13,27,28,30,36,2,0,0
441,13-05-17,3,20,24,27,32,37,2,0,0
442,11-05-17,5,6,18,19,21,36,6,0,0
443,09-05-17,1,7,11,15,20,30,5,0,0
444,06-05-17,2,7,11,23,25,29,4,0,0
445,03-05-17,5,6,7,16,17,33,4,0,0
446,29-04-17,19,21,24,25,30,36,5,1,0
447,25-04-17,4,8,11,13,24,32,6,0,0
448,22-04-17,9,20,27,28,30,34,1,0,0
449,18-04-17,2,8,10,16,18,27,5,0,0
450,15-04-17,3,6,12,25,28,36,7,0,0
451,12-04-17,4,7,10,22,27,36,6,0,0
452,08-04-17,7,11,18,21,25,29,7,0,0
453,06-04-17,5,6,7,24,27,32,5,0,0
454,04-04-17,4,5,16,24,33,34,2,0,0
455,01-04-17,6,14,15,18,22,36,4,0,0
456,28-03-17,13,15,21,23,30,36,6,1,0
457,25-03-17,14,15,16,24,32,36,1,0,0
458,23-03-17,3,8,10,11,26,36,2,0,0
459,21-03-17,3,10,13,18,25,26,6,1,0
460,18-03-17,3,11,22,24,33,36,7,0,0
461,14-03-17,13,20,26,30,31,34,2,0,0
462,11-03-17,11,13,18,20,25,29,7,1,0
463,07-03-17,10,11,17,19,26,30,5,0,1
464,04-03-17,3,8,9,12,27,33,3,0,0
465,28-02-17,5,7,13,15,18,23,2,0,0
466,25-02-17,1,6,18,24,28,35,2,0,0
467,21-02-17,3,27,28,30,31,35,7,0,0
468,18-02-17,6,8,14,19,20,37,5,2,0
469,14-02-17,16,18,19,30,31,32,3,0,0
470,11-02-17,12,15,17,18,22,26,1,0,0
471,07-02-17,5,12,16,22,27,31,4,0,0
472,04-02-17,4,22,24,25,26,29,6,0,0
473,31-01-17,1,6,11,14,17,27,4,0,0
474,28-01-17,5,8,11,16,22,29,6,0,0
475,24-01-17,10,13,16,17,26,34,7,0,0
476,21-01-17,8,9,12,13,29,34,5,0,0
477,17-01-17,3,9,14,15,21,22,3,0,0
478,14-01-17,5,7,10,15,26,37,7,1,0
479,10-01-17,14,15,19,31,34,35,3,0,0
480,07-01-17,5,6,9,17,24,31,7,0,0
481,03-01-17,1,3,6,27,29,33,7,0,0
482,31-12-16,11,13,27,30,32,34,6,0,0
483,27-12-16,8,10,12,24,25,29,3,0,0
484,24-12-16,5,8,21,28,31,35,2,0,0
485,20-12-16,1,3,4,10,16,17,1,0,0
486,17-12-16,1,2,10,12,26,29,6,0,0
487,13-12-16,4,12,16,28,29,31,5,1,0
488,10-12-16,8,9,15,21,26,29,3,0,1
489,06-12-16,2,5,9,13,26,29,2,0,0
490,03-12-16,6,16,20,25,26,27,6,0,0
491,29-11-16,1,8,20,25,33,37,7,0,0
492,26-11-16,1,12,13,29,32,36,1,0,0
493,22-11-16,2,3,5,8,23,29,4,0,0
494,19-11-16,13,16,19,22,25,31,2,1,0
495,15-11-16,2,11,21,22,26,32,6,0,0
496,12-11-16,2,14,16,18,32,37,3,0,0
497,08-11-16,4,11,12,26,28,29,6,0,0
498,05-11-16,3,9,13,16,22,34,6,0,0
499,01-11-16,12,18,20,21,29,35,4,0,0
500,29-10-16,4,16,21,23,24,27,3,1,0
501,25-10-16,4,16,19,25,29,37,6,0,0
502,22-10-16,1,6,12,14,36,37,3,0,0
503,18-10-16,4,5,9,12,16,29,3,1,0
504,15-10-16,9,20,22,23,24,29,6,0,0
505,10-10-16,3,8,17,20,22,30,3,2,0
506,08-10-16,1,9,10,21,24,32,1,0,0
507,05-10-16,9,11,14,16,27,37,1,0,0
508,01-10-16,14,20,23,25,26,35,3,0,0
509,27-09-16,5,11,18,20,30,35,5,0,0
510,24-09-16,9,15,17,25,27,32,3,0,0
511,20-09-16,5,9,19,21,22,34,2,0,0
512,17-09-16,11,14,22,26,27,33,7,0,0
513,13-09-16,1,10,11,12,18,19,5,0,0
514,10-09-16,5,7,10,13,24,33,7,0,0
515,06-09-16,7,13,14,28,29,35,6,0,0
516,03-09-16,1,4,16,26,28,37,5,0,0
517,30-08-16,3,11,12,15,21,26,6,0,0
518,27-08-16,12,13,15,20,21,32,1,0,0
519,23-08-16,4,6,18,26,29,34,1,0,0
520,20-08-16,3,4,5,27,30,36,3,0,0
521,16-08-16,1,2,32,34,36,37,6,0,1
522,14-08-16,1,3,15,27,31,35,7,0,0
523,09-08-16,6,8,9,14,16,17,4,0,0
524,06-08-16,1,25,34,35,36,37,2,0,0
525,02-08-16,7,26,28,30,31,34,1,0,0
526,30-07-16,2,12,20,28,30,33,5,0,0
527,26-07-16,10,13,16,24,27,37,2,0,0
528,23-07-16,1,9,15,20,23,28,4,1,0
529,19-07-16,5,10,13,17,25,36,3,1,0
530,16-07-16,4,6,15,24,31,37,4,0,0
531,12-07-16,6,14,18,26,29,36,7,0,0
532,09-07-16,1,2,5,16,24,34,7,0,0
533,05-07-16,7,12,18,22,32,36,3,0,0
534,02-07-16,3,7,10,21,33,35,2,1,0
535,28-06-16,11,12,18,19,32,37,4,0,0
536,25-06-16,2,12,21,23,28,31,6,0,0
537,21-06-16,7,11,19,25,28,37,4,0,0
538,18-06-16,12,14,16,29,32,37,5,0,0
539,14-06-16,5,6,9,12,26,34,4,0,0
540,12-06-16,1,20,23,24,26,32,7,0,0
541,07-06-16,8,9,21,22,26,37,6,0,0
542,04-06-16,5,8,17,31,32,37,7,0,0
543,31-05-16,1,5,7,18,25,36,1,2,1
544,28-05-16,4,6,14,22,28,29,4,0,0
545,24-05-16,8,12,15,24,28,33,5,0,0
546,21-05-16,3,5,6,13,26,29,1,0,0
547,17-05-16,2,4,14,19,20,33,1,1,0
548,14-05-16,13,17,20,26,35,37,2,0,0
549,10-05-16,5,6,10,20,26,29,3,0,1
550,07-05-16,1,9,20,25,27,31,4,0,0
551,03-05-16,5,22,25,33,35,36,1,0,0
552,01-05-16,2,6,8,14,29,34,3,0,0
553,26-04-16,12,13,20,25,27,30,6,0,0
554,23-04-16,2,5,6,14,22,32,3,0,0
555,19-04-16,3,7,12,22,27,36,2,0,0
556,16-04-16,7,13,19,32,35,37,6,0,0
557,12-04-16,2,7,10,18,24,26,5,0,1
558,09-04-16,5,8,11,20,29,36,4,0,0
559,05-04-16,4,8,16,20,21,36,3,0,1
560,02-04-16,3,15,26,28,32,33,4,1,0
561,29-03-16,1,10,11,13,18,25,7,0,0
562,26-03-16,6,10,14,15,26,36,3,1,0
563,22-03-16,9,16,22,27,31,32,6,0,0
564,19-03-16,6,9,17,26,27,36,6,0,0
565,15-03-16,7,15,17,18,20,32,5,0,0
566,12-03-16,1,5,14,21,27,30,7,0,0
567,08-03-16,5,19,23,25,30,31,3,0,0
568,05-03-16,1,2,7,8,9,26,2,0,1
569,01-03-16,7,15,17,19,27,30,4,0,0
570,27-02-16,3,18,19,22,24,26,7,1,0
571,23-02-16,6,10,25,31,35,37,4,0,0
572,20-02-16,2,5,21,29,34,37,3,0,0
573,16-02-16,8,14,16,20,24,30,1,0,0
574,13-02-16,2,13,14,19,21,30,1,0,0
575,09-02-16,2,10,14,15,21,29,2,1,0
576,06-02-16,1,4,11,19,30,32,4,0,0
577,02-02-16,1,13,19,22,34,35,6,0,0
578,30-01-16,8,9,11,12,13,22,4,0,0
579,26-01-16,17,18,25,28,30,34,5,0,0
580,23-01-16,5,16,18,23,24,26,6,0,0
581,19-01-16,6,19,24,25,26,37,7,0,0
582,16-01-16,1,8,13,27,32,37,2,0,0
583,12-01-16,1,4,5,16,21,29,1,0,0
584,09-01-16,3,12,14,24,32,34,6,0,1
585,05-01-16,3,15,17,20,21,37,1,0,0
586,02-01-16,1,13,15,30,31,32,2,0,0
587,29-12-15,4,7,13,16,17,27,6,0,0
588,26-12-15,14,21,27,31,32,35,5,1,0
589,22-12-15,2,11,13,17,25,27,5,1,0
590,19-12-15,1,11,13,25,27,29,7,0,0
591,15-12-15,3,6,9,10,17,36,5,0,0
592,12-12-15,4,9,10,12,13,29,4,0,0
593,08-12-15,6,10,15,18,27,34,6,0,0
594,05-12-15,4,17,18,23,25,28,2,0,0
595,01-12-15,2,9,18,23,29,33,5,0,0
596,28-11-15,7,19,27,29,34,35,7,0,0
597,24-11-15,6,8,21,25,30,35,6,0,0
598,21-11-15,7,9,14,21,26,34,5,0,0
599,17-11-15,3,5,6,19,23,35,3,0,0
600,14-11-15,10,17,18,22,24,29,1,0,0
601,10-11-15,3,4,10,11,30,32,5,0,0
602,07-11-15,18,19,29,34,35,36,1,0,0
603,03-11-15,10,12,19,25,26,36,2,0,1
604,31-10-15,14,20,22,26,31,37,5,0,0
605,27-10-15,2,20,26,27,28,30,1,0,0
606,24-10-15,9,13,15,20,25,36,6,0,0
607,20-10-15,1,6,9,10,12,17,3,0,0
608,17-10-15,2,3,13,21,22,31,6,0,0
609,13-10-15,1,6,15,17,20,32,6,0,0
610,10-10-15,5,6,16,17,20,22,7,0,0
611,06-10-15,2,8,12,14,17,21,4,2,0
612,03-10-15,9,17,23,28,30,36,7,0,0
613,29-09-15,12,15,18,20,23,29,6,0,0
614,26-09-15,5,6,8,11,20,27,7,0,0
615,21-09-15,5,12,13,33,35,36,1,0,0
616,19-09-15,1,8,11,23,30,35,6,0,0
617,16-09-15,11,14,18,20,22,33,7,0,0
618,12-09-15,6,9,15,23,24,28,4,0,0
619,08-09-15,19,21,22,24,30,37,5,0,0
620,05-09-15,5,6,10,15,28,29,7,0,1
621,01-09-15,10,18,22,27,31,35,1,0,0
622,29-08-15,5,7,8,15,19,26,3,1,0
623,25-08-15,1,8,11,17,25,30,6,0,0
624,22-08-15,16,17,18,20,28,35,3,0,0
625,18-08-15,4,7,12,14,17,34,4,0,0
626,15-08-15,3,7,14,24,27,28,2,1,0
627,11-08-15,5,8,16,21,34,35,3,0,0
628,08-08-15,2,6,17,29,31,35,3,1,1
629,04-08-15,13,21,22,26,29,34,3,0,0
630,01-08-15,5,7,9,17,19,29,3,0,0
631,28-07-15,24,27,30,34,35,37,5,0,0
632,26-07-15,7,9,16,23,29,30,3,0,0
633,21-07-15,16,21,27,28,32,37,7,0,0
634,18-07-15,2,3,11,18,25,27,5,0,0
635,14-07-15,2,16,21,26,33,34,2,0,0
636,11-07-15,5,15,22,23,25,29,6,0,0
637,07-07-15,1,6,9,13,23,35,2,0,0
638,04-07-15,2,14,22,23,25,28,5,0,0
639,30-06-15,11,13,20,29,30,37,7,0,0
640,27-06-15,2,6,13,16,27,33,3,0,0
641,23-06-15,8,11,18,21,24,30,4,0,0
642,20-06-15,3,5,7,13,17,28,4,1,0
643,16-06-15,17,18,20,21,26,32,3,0,0
644,13-06-15,3,4,14,18,32,35,2,0,0
645,09-06-15,3,8,10,12,28,37,5,0,0
646,06-06-15,4,6,8,18,27,37,4,0,0
647,02-06-15,4,17,18,24,27,36,2,0,0
648,30-05-15,6,8,11,23,32,35,4,0,0
649,26-05-15,2,5,10,12,18,26,4,1,0
650,24-05-15,4,11,18,22,29,31,4,0,0
651,19-05-15,15,18,22,23,26,34,6,0,0
652,16-05-15,6,8,18,22,29,37,1,1,0
653,12-05-15,1,13,23,24,30,31,7,0,0
654,09-05-15,5,16,22,23,24,33,1,0,0
655,05-05-15,6,10,12,15,27,33,1,0,0
656,02-05-15,1,3,8,12,19,30,1,1,0
657,28-04-15,6,9,18,23,26,33,2,0,0
658,25-04-15,1,15,17,31,32,34,2,0,0
659,21-04-15,1,11,13,15,18,25,6,0,0
660,18-04-15,11,12,18,24,31,33,6,1,0
661,14-04-15,1,2,4,9,12,16,4,0,0
662,12-04-15,2,9,11,13,29,33,3,0,0
663,07-04-15,11,12,15,22,23,29,7,0,1
664,04-04-15,7,32,33,34,35,36,2,0,0
665,31-03-15,5,13,16,18,23,26,1,0,0
666,28-03-15,5,13,21,22,25,28,1,0,0
667,24-03-15,2,3,5,10,26,27,2,0,0
668,21-03-15,11,15,17,27,33,37,5,0,0
669,17-03-15,11,15,22,29,35,37,4,0,0
670,14-03-15,14,15,18,22,23,29,1,0,0
671,10-03-15,6,10,15,19,36,37,3,0,0
672,07-03-15,3,14,15,19,26,33,6,0,1
673,03-03-15,2,10,11,13,22,37,4,0,0
674,28-02-15,11,13,22,29,31,33,1,0,0
675,24-02-15,10,16,22,30,35,36,2,0,0
676,21-02-15,4,14,16,22,28,33,4,0,0
677,17-02-15,3,13,14,18,28,30,2,0,0
678,14-02-15,8,11,13,20,22,25,5,0,0
679,10-02-15,1,6,10,22,24,26,3,0,0
680,07-02-15,8,12,17,21,27,30,1,0,0
681,03-02-15,8,12,21,24,25,27,1,0,0
682,31-01-15,1,10,16,28,29,32,5,0,0
683,27-01-15,4,6,13,19,33,35,6,0,0
684,24-01-15,4,11,19,28,31,34,4,0,0
685,20-01-15,11,24,30,34,35,37,7,0,0
686,17-01-15,1,7,11,17,36,37,2,1,1
687,13-01-15,4,8,17,20,25,30,1,0,0
688,10-01-15,3,8,10,15,30,33,4,0,0
689,06-01-15,4,13,22,25,28,30,5,0,0
690,03-01-15,9,20,22,23,29,31,2,0,0
691,30-12-14,1,2,5,12,34,35,4,0,0
692,27-12-14,4,5,18,20,28,36,4,0,0
693,23-12-14,7,9,20,24,28,35,5,0,0
694,20-12-14,6,12,25,27,30,37,5,0,0
695,16-12-14,9,12,25,29,34,36,5,0,0
696,13-12-14,2,9,27,29,32,36,1,0,0
697,09-12-14,5,7,10,15,22,35,5,1,1
698,06-12-14,3,20,28,31,33,37,5,0,0
699,02-12-14,1,2,9,11,15,21,2,0,0
700,29-11-14,2,10,14,17,28,34,2,1,1
701,25-11-14,2,9,13,16,28,29,1,0,0
702,22-11-14,4,6,10,11,14,25,7,0,0
703,18-11-14,1,3,29,30,33,35,2,0,0
704,15-11-14,4,8,9,23,25,31,4,0,1
705,11-11-14,3,11,18,25,33,36,7,1,1
706,08-11-14,7,16,18,21,23,36,6,0,0
707,04-11-14,2,19,28,29,34,36,6,0,0
708,01-11-14,1,2,5,15,27,31,4,0,0
709,28-10-14,12,15,20,30,33,37,3,0,0
710,25-10-14,2,5,6,10,19,29,5,2,0
711,21-10-14,5,7,9,11,24,29,1,0,0
712,18-10-14,9,10,11,12,21,32,5,0,0
713,14-10-14,5,10,17,23,32,36,6,0,0
714,11-10-14,2,6,11,16,27,34,3,0,0
715,07-10-14,8,10,15,23,26,34,1,0,0
716,05-10-14,1,9,10,21,26,37,3,0,0
717,30-09-14,8,13,17,18,34,36,1,0,0
718,28-09-14,13,17,19,26,30,36,5,0,0
719,23-09-14,7,9,10,34,35,36,7,0,0
720,20-09-14,7,19,20,25,31,34,3,0,0
721,16-09-14,3,8,11,19,26,35,2,0,0
722,13-09-14,1,4,12,18,31,37,3,1,0
723,09-09-14,2,12,14,27,29,32,5,0,0
724,06-09-14,3,15,24,25,26,35,2,0,0
725,02-09-14,6,10,18,27,35,36,6,0,0
726,30-08-14,2,9,28,31,32,35,6,0,0
727,26-08-14,2,7,10,23,26,35,6,1,0
728,23-08-14,5,15,20,25,27,32,4,0,0
729,19-08-14,4,16,30,32,34,36,4,0,0
730,16-08-14,2,5,7,16,22,37,4,0,0
731,12-08-14,3,15,21,28,30,32,4,0,0
732,09-08-14,4,11,13,20,32,35,2,0,0
733,05-08-14,5,9,21,23,28,33,7,0,0
734,02-08-14,6,13,14,21,23,26,6,0,1
735,29-07-14,3,5,8,16,17,20,2,0,1
736,26-07-14,2,3,28,30,33,35,5,0,0
737,22-07-14,2,10,12,23,30,33,5,0,0
738,19-07-14,4,11,27,32,34,37,4,0,0
739,15-07-14,7,14,20,27,29,31,5,1,0
740,12-07-14,4,11,12,13,20,27,2,0,1
741,08-07-14,2,5,18,19,20,31,1,0,0
742,05-07-14,1,10,17,21,22,31,4,0,0
743,01-07-14,5,13,17,26,29,33,5,0,1
744,28-06-14,1,2,6,19,29,33,7,0,0
745,24-06-14,7,8,15,30,33,34,6,0,0
746,21-06-14,8,11,22,33,34,35,6,0,0
747,17-06-14,7,8,15,18,29,34,4,0,0
748,14-06-14,13,15,24,25,30,32,5,0,0
749,10-06-14,6,8,9,25,29,37,3,0,0
750,07-06-14,4,9,10,14,19,35,2,0,0
751,04-06-14,11,17,19,31,36,37,1,0,0
752,31-05-14,5,11,12,13,15,22,7,0,0
753,27-05-14,3,4,6,18,26,29,3,0,1
754,24-05-14,5,10,19,25,32,35,7,0,0
755,20-05-14,2,6,12,26,30,35,3,0,0
756,17-05-14,1,3,11,16,20,35,2,0,0
757,13-05-14,3,11,17,20,31,32,6,1,0
758,10-05-14,1,2,3,4,7,25,2,0,2
759,07-05-14,6,8,9,17,29,30,4,0,0
760,03-05-14,20,22,28,31,35,36,3,0,1
761,29-04-14,3,5,9,14,22,23,7,0,0
762,26-04-14,2,4,13,16,29,34,1,0,0
763,22-04-14,1,3,5,16,26,30,5,1,0
764,19-04-14,2,3,20,31,35,37,7,0,0
765,16-04-14,4,9,23,28,34,36,5,0,0
766,12-04-14,11,16,19,24,27,35,3,0,0
767,08-04-14,10,21,28,30,31,35,6,0,0
768,05-04-14,2,12,18,28,33,34,1,0,0
769,01-04-14,15,17,23,25,30,35,2,0,0
770,29-03-14,4,13,24,25,32,34,2,0,0
771,25-03-14,3,6,16,28,32,33,2,0,0
772,22-03-14,3,4,23,26,31,35,3,1,0
773,18-03-14,4,9,12,14,17,29,2,0,0
774,15-03-14,7,17,24,29,36,37,7,0,0
775,11-03-14,1,3,6,9,34,37,3,1,0
776,08-03-14,17,21,23,24,26,35,2,0,0
777,04-03-14,3,6,17,23,27,32,6,0,0
778,01-03-14,4,8,9,22,29,33,6,0,0
779,25-02-14,5,6,11,21,22,28,2,0,0
780,22-02-14,3,8,23,26,28,29,6,0,0
781,18-02-14,3,7,14,21,27,37,6,1,0
782,15-02-14,1,6,10,16,21,22,4,2,0
783,11-02-14,2,5,18,20,23,29,3,0,0
784,08-02-14,16,22,26,29,36,37,3,0,0
785,04-02-14,1,2,4,28,29,31,5,0,0
786,01-02-14,1,5,12,22,24,27,6,0,0
787,28-01-14,20,24,26,28,32,33,6,0,0
788,25-01-14,13,15,26,28,29,36,2,0,0
789,21-01-14,18,22,30,34,35,37,7,0,0
790,18-01-14,1,11,15,16,23,32,5,0,0
791,14-01-14,2,8,10,13,35,37,5,0,0
792,11-01-14,1,3,4,22,28,36,2,0,0
793,07-01-14,12,13,18,31,32,36,7,0,0
794,04-01-14,7,9,13,18,21,22,4,1,0
795,31-12-13,7,9,10,22,24,33,4,0,0
796,28-12-13,4,14,16,21,33,36,3,0,0
797,24-12-13,9,18,25,30,33,37,5,0,0
798,21-12-13,5,20,21,26,30,35,1,0,0
799,17-12-13,13,15,17,24,26,27,3,0,0
800,14-12-13,5,11,25,26,29,36,3,0,0
801,10-12-13,1,8,12,19,26,27,3,0,0
802,07-12-13,1,3,11,13,21,28,7,0,0
803,03-12-13,2,10,16,26,27,30,4,0,0
804,30-11-13,11,21,29,33,35,37,4,0,0
805,26-11-13,11,14,19,21,26,33,7,0,0
806,23-11-13,1,9,17,29,30,37,5,0,0
807,19-11-13,4,6,10,17,28,32,4,0,0
808,16-11-13,7,19,22,28,30,33,4,0,1
809,12-11-13,14,22,24,33,35,36,7,0,0
810,09-11-13,3,4,24,27,31,36,2,0,0
811,05-11-13,1,10,12,19,35,36,6,1,1
812,02-11-13,2,8,12,19,26,27,6,0,0
813,29-10-13,1,7,10,21,28,30,1,0,0
814,26-10-13,1,2,7,12,29,33,3,0,0
815,22-10-13,11,17,21,23,26,27,3,0,0
816,19-10-13,6,13,15,22,23,37,6,0,0
817,15-10-13,5,8,10,20,34,37,2,0,0
818,12-10-13,3,8,16,19,25,27,1,0,0
819,08-10-13,3,7,13,17,18,28,7,0,0
820,05-10-13,2,4,12,27,34,37,2,0,0
821,01-10-13,10,11,19,21,23,29,4,0,0
822,28-09-13,3,9,14,20,34,35,2,0,1
823,24-09-13,11,21,22,23,28,37,5,0,0
824,21-09-13,3,8,17,19,24,33,6,0,0
825,17-09-13,17,20,26,28,30,33,4,0,0
826,15-09-13,1,3,4,6,12,13,4,0,0
827,10-09-13,3,13,24,27,33,35,3,0,0
828,08-09-13,2,6,16,28,35,37,7,0,0
829,03-09-13,8,14,27,29,33,37,6,1,0
830,31-08-13,7,12,16,22,24,25,3,0,0
831,27-08-13,4,16,17,19,30,34,5,0,0
832,24-08-13,6,10,11,15,19,24,5,0,0
833,20-08-13,8,13,16,17,29,37,6,0,0
834,17-08-13,5,9,17,19,33,35,7,0,0
835,13-08-13,1,5,14,19,26,28,4,0,0
836,10-08-13,1,3,18,19,35,37,6,0,0
837,06-08-13,2,3,4,27,30,32,6,0,0
838,03-08-13,5,8,9,17,24,32,5,0,0
839,30-07-13,13,14,26,29,31,35,1,0,0
840,27-07-13,8,9,11,16,31,34,4,0,1
841,23-07-13,8,13,23,26,27,29,3,0,0
842,20-07-13,3,7,8,24,34,36,2,0,0
843,16-07-13,4,11,12,15,30,33,1,0,0
844,13-07-13,12,18,19,28,29,34,7,0,0
845,09-07-13,7,16,19,21,31,36,3,0,0
846,06-07-13,4,19,27,30,31,35,5,0,0
847,02-07-13,4,10,15,24,28,29,5,1,0
848,29-06-13,8,10,17,18,35,37,1,0,0
849,25-06-13,4,21,22,23,27,35,5,1,0
850,22-06-13,3,6,7,10,16,30,4,0,0
851,18-06-13,3,9,10,22,28,33,7,0,0
852,15-06-13,11,15,21,29,31,36,3,0,0
853,11-06-13,3,21,25,26,36,37,1,0,0
854,08-06-13,4,6,17,19,21,36,3,0,0
855,04-06-13,13,17,21,27,29,31,4,0,0
856,01-06-13,12,19,21,23,26,35,5,2,0
857,28-05-13,2,11,16,18,26,36,4,1,0
858,25-05-13,3,9,21,26,29,37,1,0,0
859,21-05-13,8,10,14,17,20,34,1,1,0
860,18-05-13,2,4,24,25,32,34,1,0,0
861,15-05-13,3,7,15,19,24,33,4,0,0
862,11-05-13,7,20,26,33,34,35,3,0,0
863,07-05-13,10,19,20,24,28,33,3,0,0
864,04-05-13,1,4,6,9,25,35,1,0,0
865,30-04-13,1,2,3,10,16,29,6,0,0
866,27-04-13,12,13,28,33,35,37,5,0,0
867,23-04-13,2,7,12,19,27,37,6,0,0
868,20-04-13,18,20,25,27,32,36,1,0,0
869,17-04-13,1,26,28,32,33,35,5,0,0
870,13-04-13,1,11,15,24,27,34,5,0,0
871,09-04-13,11,20,21,22,25,36,7,0,0
872,06-04-13,8,12,13,27,28,34,7,0,0
873,02-04-13,1,8,12,19,30,35,4,0,0
874,30-03-13,8,10,12,15,19,30,5,0,0
875,27-03-13,3,4,7,21,33,37,2,0,0
876,23-03-13,6,12,13,24,27,29,4,0,0
877,19-03-13,1,8,9,18,19,20,4,0,0
878,16-03-13,17,25,29,30,33,37,2,0,0
879,12-03-13,2,14,27,28,32,34,7,0,0
880,09-03-13,7,9,13,14,30,33,1,0,0
881,05-03-13,5,13,19,22,28,33,2,0,1
882,02-03-13,3,4,26,30,34,37,4,0,0
883,26-02-13,3,9,13,17,25,37,1,1,0
884,23-02-13,13,16,24,31,35,36,5,0,0
885,19-02-13,4,23,25,30,32,35,3,0,0
886,16-02-13,6,8,14,20,25,29,6,0,0
887,12-02-13,1,15,17,21,34,37,3,0,0
888,09-02-13,4,20,21,26,35,37,1,0,0
889,05-02-13,3,5,10,17,30,32,1,0,0
890,02-02-13,1,9,11,20,25,27,3,0,0
891,29-01-13,9,16,18,30,32,33,7,0,0
892,26-01-13,6,9,13,17,29,34,6,1,1
893,22-01-13,1,6,14,20,29,36,2,0,0
894,19-01-13,10,12,26,27,31,36,3,0,0
895,15-01-13,5,13,14,16,18,21,2,0,0
896,12-01-13,1,3,11,25,33,34,3,0,0
897,08-01-13,9,16,17,20,32,33,4,0,0
898,05-01-13,7,10,12,19,25,36,7,0,0
899,01-01-13,5,11,12,13,15,20,4,0,0
900,29-12-12,11,13,18,26,27,36,2,0,0
901,25-12-12,1,4,5,7,18,23,1,1,0
902,22-12-12,7,16,28,31,33,35,4,0,0
903,20-12-12,6,9,24,25,33,34,2,0,0
904,18-12-12,8,14,18,22,25,31,1,1,0
905,15-12-12,7,10,17,23,24,31,3,0,0
906,11-12-12,2,9,15,22,31,33,6,0,0
907,08-12-12,3,10,11,13,26,37,1,1,0
908,06-12-12,5,6,9,26,32,35,4,0,0
909,04-12-12,2,3,6,19,25,27,7,0,0
910,01-12-12,2,8,12,31,34,35,5,0,0
911,27-11-12,12,14,19,20,23,25,4,0,0
912,24-11-12,8,11,25,30,31,33,7,0,0
913,20-11-12,4,5,21,30,36,37,5,0,0
914,17-11-12,2,12,13,16,23,25,1,0,0
915,13-11-12,6,8,14,25,26,31,1,1,0
916,10-11-12,12,15,24,26,31,33,1,0,0
917,06-11-12,11,19,21,22,26,30,4,1,0
918,03-11-12,1,8,10,12,16,26,6,0,0
919,01-11-12,2,7,10,11,29,32,5,0,0
920,30-10-12,5,7,14,15,16,35,7,0,0
921,27-10-12,3,9,15,24,30,35,7,0,0
922,23-10-12,1,3,7,18,28,34,7,0,0
923,20-10-12,6,17,22,24,26,31,6,0,0
924,18-10-12,2,3,6,20,21,30,2,0,0
925,16-10-12,7,10,11,19,23,25,6,0,0
926,13-10-12,3,9,14,19,27,31,6,1,0
927,09-10-12,2,4,7,24,32,36,1,1,0
928,06-10-12,2,8,16,23,29,36,3,0,0
929,02-10-12,1,8,20,21,33,37,2,0,0
930,29-09-12,4,8,27,30,34,36,6,0,0
931,27-09-12,2,12,20,22,24,32,5,0,1
932,22-09-12,12,13,16,18,35,37,5,0,0
933,20-09-12,11,19,22,23,25,36,5,0,0
934,15-09-12,2,6,12,16,21,26,5,0,0
935,11-09-12,3,5,10,11,12,21,3,0,0
936,08-09-12,8,23,26,31,34,35,5,0,0
937,06-09-12,9,13,21,22,24,31,1,0,0
938,04-09-12,3,7,15,29,31,34,7,0,1
939,01-09-12,2,3,18,20,26,35,2,0,0
940,28-08-12,2,6,19,29,36,37,7,0,0
941,25-08-12,7,11,26,27,28,34,6,0,0
942,21-08-12,6,7,17,18,25,35,4,0,0
943,18-08-12,4,12,16,21,26,30,6,0,0
944,14-08-12,5,8,25,29,30,31,4,0,0
945,11-08-12,9,16,21,24,26,33,7,0,0
946,07-08-12,1,15,21,23,26,36,3,0,2
947,04-08-12,4,12,19,23,27,31,1,0,0
948,02-08-12,3,8,30,34,35,36,7,0,0
949,31-07-12,1,5,11,18,26,30,3,1,0
950,27-07-12,3,15,26,27,36,37,5,0,0
951,24-07-12,1,11,21,25,26,31,4,0,0
952,21-07-12,4,8,21,22,24,29,1,0,0
953,17-07-12,9,15,25,26,28,32,3,0,0
954,14-07-12,2,11,12,18,24,26,5,0,0
955,10-07-12,7,20,23,24,25,36,7,0,0
956,07-07-12,4,8,14,21,27,37,3,0,0
957,05-07-12,5,8,11,21,35,37,6,0,0
958,03-07-12,9,15,25,30,32,33,7,0,0
959,30-06-12,3,8,9,10,16,36,6,0,0
960,26-06-12,1,2,14,15,28,31,2,1,0
961,23-06-12,10,12,18,21,25,35,2,0,0
962,21-06-12,6,7,11,30,33,35,3,0,0
963,19-06-12,2,5,14,21,36,37,3,0,0
964,16-06-12,1,2,3,16,28,30,3,0,0
965,12-06-12,5,7,11,24,26,30,1,0,0
966,09-06-12,1,6,25,29,33,34,2,0,0
967,07-06-12,5,10,12,20,22,31,1,0,0
968,05-06-12,7,21,26,31,32,35,6,0,0
969,02-06-12,2,8,12,17,21,24,3,1,0
970,29-05-12,3,8,10,23,24,34,3,0,0
971,27-05-12,14,19,30,34,35,36,4,0,1
972,22-05-12,9,11,21,25,26,32,6,1,0
973,19-05-12,5,6,7,16,23,36,1,0,0
974,15-05-12,4,5,18,23,32,36,4,0,0
975,12-05-12,1,2,3,14,23,29,7,0,0
976,08-05-12,2,21,22,23,28,30,4,0,0
977,05-05-12,18,22,25,26,27,33,3,0,0
978,03-05-12,4,15,17,20,21,25,4,0,0
979,01-05-12,8,9,19,27,28,33,2,0,0
980,28-04-12,5,17,19,22,25,32,1,0,0
981,23-04-12,1,2,9,12,26,29,2,0,0
982,21-04-12,1,8,21,23,28,32,5,0,0
983,17-04-12,3,5,7,27,35,36,2,0,0
984,15-04-12,3,11,12,15,22,33,7,1,0
985,10-04-12,1,8,14,21,23,31,2,0,0
986,08-04-12,7,16,17,18,20,36,1,0,0
987,03-04-12,8,13,15,21,23,26,3,1,0
988,31-03-12,6,8,9,11,17,31,1,0,0
989,29-03-12,8,12,13,16,30,37,2,0,0
990,27-03-12,3,5,12,23,24,32,7,0,0
991,24-03-12,1,3,5,11,19,24,5,0,0
992,20-03-12,2,14,15,23,27,31,3,0,1
993,17-03-12,1,4,14,23,29,30,7,0,0
994,13-03-12,2,3,10,11,28,34,6,0,0
995,10-03-12,12,19,23,30,35,37,5,0,0
996,06-03-12,6,13,14,22,28,29,6,0,0
997,03-03-12,2,7,8,14,31,34,5,0,0
998,01-03-12,11,13,24,26,29,34,6,1,0
999,28-02-12,2,10,14,32,34,36,7,0,0
1000,25-02-12,1,5,11,13,21,35,2,0,0
1001,21-02-12,18,21,22,23,25,36,2,0,0
1002,18-02-12,3,5,7,8,32,37,5,0,0
1003,14-02-12,7,10,22,23,27,36,3,0,0
1004,11-02-12,2,4,25,30,33,37,6,0,0
1005,07-02-12,1,2,17,19,29,32,4,1,0
1006,04-02-12,15,16,17,25,27,30,4,0,0
1007,02-02-12,14,17,29,31,32,35,5,0,0
1008,31-01-12,8,15,20,26,27,34,6,0,0
1009,28-01-12,8,12,18,20,29,32,3,0,0
1010,24-01-12,3,10,15,24,28,37,4,0,0
1011,21-01-12,14,16,27,28,32,36,5,0,0
1012,17-01-12,2,19,22,25,26,28,3,0,0
1013,14-01-12,5,10,14,25,27,33,2,0,0
1014,10-01-12,7,10,16,21,25,28,5,0,0
1015,07-01-12,1,2,20,21,25,28,1,0,0
1016,05-01-12,3,23,25,28,29,33,4,0,1
1017,03-01-12,7,25,27,31,32,34,7,0,0
1018,31-12-11,2,3,8,15,19,34,6,0,0
1019,27-12-11,5,6,7,12,33,36,7,0,0
1020,24-12-11,1,3,13,14,17,36,5,0,0
1021,20-12-11,4,16,21,26,28,30,2,1,0
1022,17-12-11,6,7,22,30,31,36,6,0,0
1023,13-12-11,2,4,5,11,15,24,7,0,0
1024,11-12-11,3,10,23,27,32,37,6,1,0
1025,06-12-11,6,13,15,17,19,35,3,0,0
1026,03-12-11,7,8,20,26,30,34,2,0,0
1027,29-11-11,12,21,25,27,29,31,2,0,0
1028,26-11-11,2,7,10,20,23,32,7,0,1
1029,22-11-11,15,16,20,24,28,35,6,0,0
1030,19-11-11,15,19,22,29,33,37,7,1,0
1031,15-11-11,2,4,5,7,24,33,1,1,0
1032,12-11-11,3,12,16,21,26,36,1,0,0
1033,08-11-11,1,2,14,15,18,32,1,0,0
1034,05-11-11,6,15,20,25,28,30,5,0,0
1035,01-11-11,2,15,17,18,20,34,2,0,0
1036,29-10-11,2,7,9,14,23,24,6,0,0
1037,25-10-11,10,13,20,35,36,37,1,0,1
1038,23-10-11,9,18,20,31,32,37,3,0,0
1039,18-10-11,2,4,17,20,26,34,4,0,0
1040,15-10-11,7,12,15,27,33,37,3,0,0
1041,11-10-11,1,3,4,7,20,34,3,0,0
1042,09-10-11,3,9,12,17,24,30,2,0,2
1043,04-10-11,5,8,10,16,19,31,7,0,0
1044,02-10-11,12,16,24,29,33,35,2,0,0
1045,27-09-11,3,5,10,11,34,36,6,0,0
1046,24-09-11,4,15,16,17,35,37,3,0,0
1047,20-09-11,9,13,16,17,34,35,5,0,0
1048,17-09-11,15,18,21,29,31,34,6,1,0
1049,13-09-11,15,19,29,31,34,35,7,0,0
1050,10-09-11,10,11,14,19,20,29,2,0,0
1051,06-09-11,6,7,12,18,25,26,1,0,0
1052,03-09-11,9,16,18,20,21,25,6,0,0
1053,30-08-11,1,2,3,5,22,28,5,0,0
1054,27-08-11,8,12,15,23,34,35,3,0,1
1055,23-08-11,16,17,21,28,33,37,4,0,0
1056,20-08-11,17,18,24,30,36,37,2,0,0
1057,16-08-11,4,6,8,32,35,37,1,0,0
1058,13-08-11,4,7,12,18,20,36,1,0,0
1059,09-08-11,9,15,17,18,25,26,3,0,0
1060,06-08-11,1,2,10,15,25,32,6,0,0
1061,02-08-11,7,10,14,18,20,36,2,0,0
1062,30-07-11,1,5,13,24,30,37,6,1,0
1063,26-07-11,1,4,11,26,28,34,7,0,0
1064,23-07-11,15,17,23,24,27,31,2,0,0
1065,19-07-11,1,16,20,24,29,36,5,1,0
1066,16-07-11,7,11,17,21,23,37,2,0,0
1067,12-07-11,1,2,9,21,22,36,3,0,0
1068,09-07-11,3,11,15,17,22,23,1,0,0
1069,05-07-11,1,6,19,23,33,37,3,1,0
1070,02-07-11,4,11,17,24,25,30,3,0,0
1071,28-06-11,21,24,30,32,36,37,4,1,0
1072,25-06-11,6,10,16,20,23,30,1,0,1
1073,21-06-11,5,16,19,25,28,34,2,0,0
1074,18-06-11,4,16,19,29,30,32,6,0,0
1075,14-06-11,1,3,4,18,24,26,3,0,0
1076,11-06-11,2,8,12,17,26,35,7,0,0
1077,08-06-11,8,11,13,16,32,37,7,0,0
1078,04-06-11,5,9,12,16,20,26,1,0,0
1079,31-05-11,2,9,20,22,23,33,2,0,0
1080,28-05-11,6,10,16,19,27,32,5,0,0
1081,24-05-11,7,12,18,23,34,36,4,1,0
1082,21-05-11,2,16,17,31,35,36,5,0,0
1083,17-05-11,3,12,15,16,27,34,2,0,0
1084,14-05-11,10,16,21,23,35,37,7,0,0
1085,11-05-11,4,8,12,14,22,24,4,0,1
1086,07-05-11,1,12,14,20,21,29,2,0,0
1087,03-05-11,5,11,13,14,34,36,4,1,0
1088,30-04-11,3,4,19,23,27,33,6,0,0
1089,27-04-11,3,14,17,24,30,35,4,0,0
1090,23-04-11,10,14,19,20,23,34,5,0,0
1091,20-04-11,12,13,15,26,28,36,4,0,0
1092,16-04-11,7,8,11,13,15,28,1,0,0
1093,12-04-11,5,12,17,19,24,34,2,0,0
1094,09-04-11,6,16,18,22,26,31,7,0,0
1095,05-04-11,5,6,8,12,29,35,7,0,0
1096,02-04-11,6,14,16,19,21,30,2,0,0
1097,29-03-11,6,13,21,23,24,29,1,0,0
1098,26-03-11,8,12,13,19,23,29,3,0,0
1099,22-03-11,4,5,7,8,15,33,7,0,0
1100,19-03-11,8,10,17,19,24,32,3,0,0
1101,15-03-11,4,11,18,19,22,28,2,0,0
1102,12-03-11,3,7,14,17,18,20,1,1,0
1103,08-03-11,2,7,8,9,13,28,3,0,0
1104,05-03-11,2,17,19,21,26,31,6,1,0
1105,01-03-11,13,20,25,28,33,35,8,0,0
1106,26-02-11,19,23,24,28,29,33,5,0,0
1107,22-02-11,1,9,10,11,15,21,1,0,0
1108,19-02-11,1,10,12,17,26,30,1,0,0
1109,15-02-11,10,16,19,24,27,32,4,0,0
1110,12-02-11,1,4,18,20,26,31,2,1,0
1111,08-02-11,3,7,9,18,30,35,3,0,0
1112,05-02-11,7,20,24,26,34,36,5,0,0
1113,01-02-11,8,12,21,31,33,34,1,0,1
1114,29-01-11,7,10,12,13,30,36,7,0,0
1115,25-01-11,5,7,21,25,36,37,6,0,0
1116,22-01-11,4,11,13,20,29,33,5,0,0
1117,18-01-11,6,7,12,22,26,37,7,0,0
1118,15-01-11,7,12,16,22,25,28,7,1,0
1119,11-01-11,5,21,25,26,29,37,7,0,0
1120,08-01-11,3,11,29,32,33,35,6,0,0
1121,04-01-11,4,13,21,24,26,31,7,1,0
1122,01-01-11,2,13,14,19,31,35,1,0,0
1123,28-12-10,2,9,10,22,31,37,8,1,0
1124,25-12-10,7,8,10,16,28,35,7,0,0
1125,21-12-10,6,8,10,20,22,36,5,0,0
1126,18-12-10,2,5,6,9,17,35,1,0,0
1127,14-12-10,3,8,11,19,21,32,1,0,0
1128,11-12-10,5,8,19,23,28,36,2,0,0
1129,07-12-10,3,7,11,16,17,36,1,0,0
1130,04-12-10,3,11,12,20,27,34,5,0,0
1131,30-11-10,12,19,23,25,28,32,1,0,0
1132,27-11-10,6,9,12,18,23,25,1,0,0
1133,23-11-10,4,9,12,16,21,31,5,0,0
1134,20-11-10,7,13,14,21,35,37,7,0,1
1135,16-11-10,11,12,14,15,32,34,8,0,0
1136,13-11-10,12,15,19,31,35,37,5,0,0
1137,09-11-10,21,22,26,29,33,36,2,0,0
1138,06-11-10,18,20,21,24,25,31,7,0,0
1139,02-11-10,2,11,24,31,35,36,2,0,0
1140,30-10-10,8,11,16,30,31,33,5,0,0
1141,26-10-10,1,11,15,17,29,32,3,0,0
1142,23-10-10,4,5,14,17,23,35,5,0,0
1143,19-10-10,8,9,21,28,32,33,8,0,0
1144,16-10-10,13,14,26,32,33,36,2,3,0
1145,12-10-10,10,17,29,32,34,35,4,0,0
1146,09-10-10,13,14,21,30,32,37,1,0,0
1147,05-10-10,3,14,24,29,30,33,6,0,0
1148,02-10-10,13,14,18,31,34,35,7,0,0
1149,28-09-10,2,14,15,16,25,35,5,0,1
1150,25-09-10,4,15,20,21,27,32,7,0,0
1151,21-09-10,13,14,26,32,33,36,1,0,0
1152,19-09-10,3,4,5,27,29,30,4,0,0
1153,14-09-10,14,16,21,22,24,35,2,0,0
1154,12-09-10,1,4,13,16,34,36,6,0,0
1155,07-09-10,4,5,16,17,30,35,5,0,0
1156,04-09-10,10,15,24,25,30,37,6,0,0
1157,31-08-10,12,13,16,18,22,36,7,0,0
1158,28-08-10,1,7,11,15,21,34,3,0,0
1159,24-08-10,3,8,11,12,25,27,3,0,0
1160,21-08-10,1,10,12,13,15,37,1,1,0
1161,17-08-10,1,7,12,14,25,30,4,0,0
1162,14-08-10,8,17,18,24,26,31,2,0,0
1163,10-08-10,12,17,18,19,21,37,3,0,0
1164,07-08-10,7,8,18,19,20,33,8,0,0
1165,03-08-10,15,19,27,28,30,31,3,0,0
1166,31-07-10,1,6,7,13,19,29,7,0,0
1167,27-07-10,1,6,9,24,35,36,5,0,0
1168,24-07-10,3,4,5,14,26,32,4,0,0
1169,20-07-10,2,9,13,20,21,24,4,0,1
1170,17-07-10,1,8,9,10,16,37,5,0,0
1171,13-07-10,6,9,20,22,27,36,4,0,0
1172,10-07-10,6,8,9,16,25,36,2,0,0
1173,06-07-10,7,9,21,23,24,27,5,0,1
1174,03-07-10,4,8,12,14,29,37,3,0,0
1175,01-07-10,3,4,6,8,15,20,3,0,0
1176,29-06-10,1,11,13,27,29,32,1,1,1
1177,26-06-10,6,10,14,16,28,31,5,0,0
1178,24-06-10,8,15,23,25,26,37,8,0,0
1179,22-06-10,2,11,16,18,22,29,1,0,0
1180,19-06-10,4,5,6,7,10,28,6,0,0
1181,15-06-10,2,6,17,20,21,30,5,0,0
1182,12-06-10,7,8,15,23,25,26,8,0,0
1183,08-06-10,11,12,23,25,28,31,1,1,0
1184,05-06-10,10,22,25,29,31,34,8,0,0
1185,03-06-10,2,10,15,26,28,34,4,0,0
1186,01-06-10,2,10,11,12,19,34,8,0,0
1187,29-05-10,1,4,17,19,27,36,5,0,0
1188,25-05-10,9,10,12,16,20,23,2,0,0
1189,22-05-10,18,19,23,24,28,31,3,0,0
1190,19-05-10,2,3,9,18,23,30,5,0,0
1191,15-05-10,4,8,14,19,35,36,4,0,0
1192,11-05-10,4,17,19,22,32,35,3,0,0
1193,08-05-10,1,10,12,19,30,32,3,0,0
1194,06-05-10,1,2,12,16,22,25,3,0,0
1195,04-05-10,9,18,31,33,34,35,7,0,0
1196,01-05-10,2,8,9,18,20,27,7,0,0
1197,27-04-10,2,3,5,8,10,14,4,1,0
1198,24-04-10,4,7,22,29,31,36,3,0,0
1199,21-04-10,6,10,23,24,28,36,4,0,0
1200,17-04-10,1,11,20,27,28,30,4,0,0
1201,13-04-10,5,11,14,15,21,32,3,0,0
1202,10-04-10,12,15,21,24,28,34,7,1,0
1203,06-04-10,2,11,18,22,31,36,2,0,0
1204,03-04-10,6,9,10,21,26,27,6,0,0
1205,30-03-10,1,5,10,22,28,30,8,0,0
1206,27-03-10,7,11,15,25,30,36,1,0,0
1207,23-03-10,8,12,21,25,27,31,2,0,0
1208,20-03-10,4,11,12,14,25,29,1,1,0
1209,16-03-10,14,15,21,27,30,32,2,0,0
1210,13-03-10,1,2,13,15,24,26,1,0,0
1211,09-03-10,7,8,9,13,20,33,1,0,0
1212,06-03-10,6,7,27,34,35,36,7,0,0
1213,02-03-10,6,11,18,25,29,33,5,0,0
1214,27-02-10,7,16,21,24,26,34,8,0,0
1215,23-02-10,13,23,25,29,31,35,2,0,0
1216,20-02-10,3,4,13,15,18,19,6,0,0
1217,16-02-10,1,2,13,24,30,32,2,0,0
1218,13-02-10,1,8,11,13,15,25,4,0,0
1219,09-02-10,11,18,24,26,31,34,6,1,0
1220,06-02-10,7,19,22,24,28,37,7,0,0
1221,02-02-10,5,13,14,15,18,30,1,0,0
1222,30-01-10,14,23,26,27,33,35,5,0,0
1223,26-01-10,2,11,14,24,28,30,1,0,0
1224,23-01-10,9,10,11,14,24,33,6,0,0
1225,19-01-10,6,9,19,25,32,33,6,0,0
1226,16-01-10,10,12,14,15,28,37,4,0,0
1227,12-01-10,2,7,9,10,12,20,4,0,0
1228,09-01-10,1,3,4,32,33,35,2,0,0
1229,05-01-10,3,6,22,32,33,36,4,0,0
1230,02-01-10,1,11,12,27,31,35,4,1,0
1231,29-12-09,7,8,12,13,29,31,8,0,0
1232,26-12-09,6,8,14,21,23,24,7,0,1
1233,22-12-09,16,19,22,24,26,28,2,0,0
1234,19-12-09,10,15,19,25,34,36,1,0,0
1235,15-12-09,9,21,22,23,25,35,7,0,0
1236,12-12-09,4,6,12,23,26,30,6,0,0
1237,08-12-09,1,6,15,20,22,24,4,0,0
1238,05-12-09,3,22,25,28,33,34,3,0,0
1239,01-12-09,1,11,13,24,29,31,8,0,0
1240,28-11-09,9,10,16,27,30,34,3,0,0
1241,24-11-09,5,6,7,24,29,33,8,0,0
1242,21-11-09,1,14,16,17,27,36,4,0,0
1243,17-11-09,2,12,13,18,28,30,4,0,0
1244,14-11-09,5,6,14,31,32,34,4,0,0
1245,10-11-09,4,17,18,22,31,32,6,0,0
1246,07-11-09,3,11,17,18,25,33,4,0,0
1247,03-11-09,3,6,9,11,25,32,7,0,0
1248,31-10-09,6,8,17,20,22,25,1,0,0
1249,27-10-09,3,10,11,23,24,25,1,0,0
1250,24-10-09,5,7,19,23,30,33,5,0,0
1251,20-10-09,8,14,25,27,31,37,3,0,0
1252,17-10-09,1,3,10,14,23,37,3,0,0
1253,13-10-09,2,11,15,19,28,36,6,0,0
1254,10-10-09,2,6,12,17,32,37,6,1,0
1255,06-10-09,3,12,20,22,25,28,8,0,0
1256,03-10-09,1,14,16,17,26,34,4,0,0
1257,29-09-09,4,8,14,21,22,34,8,0,0
1258,26-09-09,2,4,8,11,16,34,2,0,0
1259,22-09-09,2,6,8,18,21,29,8,0,0
1260,20-09-09,5,6,10,23,25,34,8,0,0
1261,15-09-09,21,23,25,30,31,33,2,1,0
1262,12-09-09,14,17,24,30,32,35,7,0,0
1263,08-09-09,8,14,20,21,28,35,1,0,0
1264,05-09-09,3,10,14,17,22,37,3,0,0
1265,01-09-09,4,8,11,16,27,31,1,0,0
1266,29-08-09,7,8,11,12,20,35,6,0,0
1267,25-08-09,6,7,14,16,17,28,8,0,0
1268,22-08-09,1,10,21,22,31,34,3,0,0
1269,18-08-09,12,17,20,22,25,30,3,0,0
1270,15-08-09,8,11,17,21,25,31,2,0,0
1271,11-08-09,7,16,20,22,32,34,8,0,0
1272,08-08-09,4,13,16,23,33,37,4,0,0
1273,06-08-09,4,5,11,28,29,34,1,0,0
1274,04-08-09,1,3,16,23,33,37,8,0,0
1275,01-08-09,3,5,20,27,33,37,1,0,0
1276,28-07-09,1,2,4,22,29,36,4,0,0
1277,25-07-09,2,3,4,17,20,26,4,0,0
1278,21-07-09,3,7,17,19,21,33,6,0,0
1279,18-07-09,6,20,30,32,34,35,7,0,0
1280,14-07-09,6,7,10,15,16,20,3,1,0
1281,11-07-09,4,17,18,24,26,37,3,1,0
1282,07-07-09,2,3,13,14,20,26,2,0,0
1283,04-07-09,8,9,14,18,22,37,5,0,0
1284,02-07-09,6,11,21,24,25,26,6,0,0
1285,30-06-09,2,11,12,21,35,36,6,0,0
1286,27-06-09,2,12,24,25,27,28,5,0,0
1287,23-06-09,6,11,13,17,26,31,7,0,0
1288,20-06-09,8,9,11,28,30,35,2,0,0
1289,18-06-09,20,27,30,32,34,37,3,0,0
1290,16-06-09,6,18,19,23,27,31,4,0,0
1291,13-06-09,2,8,10,18,21,28,2,0,0
1292,09-06-09,9,12,14,15,23,34,1,0,0
1293,06-06-09,13,23,29,31,32,34,1,0,0
1294,04-06-09,5,6,8,16,18,30,3,0,0
1295,02-06-09,6,9,12,19,27,32,4,0,0
1296,30-05-09,2,22,24,32,36,37,7,0,0
1297,26-05-09,2,5,9,17,23,33,3,0,1
1298,23-05-09,21,23,29,30,31,35,2,0,0
1299,19-05-09,4,5,10,11,30,37,4,0,0
1300,16-05-09,4,15,20,30,31,35,2,0,0
1301,12-05-09,3,6,18,26,27,34,6,0,0
1302,09-05-09,13,16,17,19,21,28,4,1,0
1303,07-05-09,7,9,28,29,36,37,1,0,0
1304,05-05-09,16,24,29,32,36,37,3,0,0
1305,02-05-09,5,11,15,20,21,26,5,0,0
1306,29-04-09,2,6,13,21,27,31,7,0,0
1307,25-04-09,1,5,6,16,27,33,3,0,0
1308,21-04-09,10,17,19,32,35,37,4,0,0
1309,18-04-09,13,16,18,25,32,33,7,1,0
1310,15-04-09,9,12,17,18,33,34,5,0,0
1311,11-04-09,4,5,10,11,20,25,5,0,0
1312,07-04-09,3,18,21,24,27,29,1,1,0
1313,04-04-09,15,17,21,35,36,37,6,0,0
1314,02-04-09,1,9,17,25,28,33,2,1,0
1315,31-03-09,2,8,21,22,33,35,4,0,0
1316,28-03-09,12,13,20,24,28,31,1,0,0
1317,24-03-09,2,8,12,21,26,28,5,0,0
1318,21-03-09,3,4,12,14,20,31,2,0,0
1319,17-03-09,7,9,10,11,20,33,3,0,0
1320,14-03-09,3,8,10,11,19,31,2,0,0
1321,10-03-09,5,11,15,28,30,34,2,0,0
1322,07-03-09,1,2,10,14,17,21,1,0,0
1323,05-03-09,1,7,10,24,28,35,1,0,0
1324,03-03-09,14,15,16,23,25,35,2,0,0
1325,28-02-09,8,14,24,28,34,35,8,0,0
1326,24-02-09,3,4,6,25,27,32,7,0,0
1327,21-02-09,12,13,17,22,30,33,5,0,0
1328,17-02-09,9,11,15,22,24,27,6,0,1
1329,14-02-09,1,8,10,16,26,30,6,0,0
1330,10-02-09,6,9,12,19,25,29,7,0,0
1331,07-02-09,1,4,5,6,19,30,8,0,0
1332,05-02-09,4,5,6,8,25,29,9,0,0
1333,03-02-09,9,13,15,17,19,32,5,0,0
1334,31-01-09,6,10,11,21,23,31,9,0,0
1335,27-01-09,3,6,7,10,23,25,7,0,0
1336,24-01-09,1,9,10,12,19,34,1,0,0
1337,20-01-09,1,5,16,19,26,33,7,1,0
1338,17-01-09,7,9,24,25,30,34,8,0,0
1339,13-01-09,2,3,11,12,20,30,4,0,0
1340,10-01-09,3,4,6,17,27,31,9,0,0
1341,06-01-09,5,24,26,27,29,30,5,0,0
1342,03-01-09,11,15,17,18,29,30,5,1,0
1343,01-01-09,2,4,13,19,29,31,7,0,0
1344,30-12-08,10,15,24,29,32,33,5,0,0
1345,27-12-08,6,8,10,18,31,32,9,0,0
1346,25-12-08,12,20,24,26,30,33,3,0,0
1347,23-12-08,1,2,15,17,19,25,7,0,0
1348,20-12-08,9,11,12,17,19,23,1,0,0
1349,16-12-08,4,11,20,22,30,32,9,0,0
1350,13-12-08,4,5,10,19,28,30,6,0,0
1351,09-12-08,5,11,12,18,26,34,5,1,0
1352,06-12-08,3,17,24,27,30,31,10,0,0
1353,04-12-08,4,7,18,21,28,30,5,0,0
1354,02-12-08,5,14,15,23,25,34,1,0,0
1355,29-11-08,3,8,13,17,22,29,8,0,0
1356,25-11-08,2,7,12,16,29,34,5,0,0
1357,22-11-08,9,15,18,22,23,24,3,0,0
1358,18-11-08,4,8,15,22,28,31,7,0,0
1359,15-11-08,4,8,25,26,29,31,4,0,0
1360,11-11-08,7,10,13,19,29,33,7,1,0
1361,08-11-08,5,19,22,27,29,34,5,0,0
1362,06-11-08,5,10,14,15,24,31,9,0,0
1363,04-11-08,2,5,11,21,24,31,3,0,0
1364,01-11-08,3,9,10,15,17,26,2,0,0
1365,30-10-08,2,6,14,26,27,30,2,0,0
1366,28-10-08,6,10,23,28,29,30,4,0,0
1367,25-10-08,1,7,8,19,24,26,4,0,0
1368,22-10-08,7,10,11,13,23,33,6,0,0
1369,18-10-08,4,8,17,18,22,32,1,0,0
1370,14-10-08,4,7,13,14,15,20,2,0,0
1371,11-10-08,9,10,20,24,26,27,7,0,0
1372,07-10-08,4,5,14,18,24,31,4,1,0
1373,04-10-08,2,9,13,16,20,23,5,1,0
1374,01-10-08,3,4,5,7,10,16,6,0,0
1375,27-09-08,3,5,9,16,18,26,2,0,0
1376,23-09-08,3,12,14,22,27,33,7,0,0
1377,20-09-08,10,14,17,26,30,33,10,0,0
1378,16-09-08,4,19,24,25,30,34,4,0,1
1379,13-09-08,2,3,5,11,13,24,2,0,0
1380,09-09-08,13,15,18,22,23,31,3,0,0
1381,06-09-08,4,9,12,24,29,33,7,0,0
1382,02-09-08,1,5,9,23,24,30,6,0,0
1383,30-08-08,13,18,25,26,31,32,1,0,0
1384,26-08-08,4,6,15,23,27,33,3,0,1
1385,23-08-08,1,2,8,10,19,22,5,0,0
1386,19-08-08,10,14,18,19,21,23,5,0,0
1387,16-08-08,12,18,19,23,28,29,3,0,0
1388,12-08-08,2,9,18,26,28,33,6,0,0
1389,08-08-08,3,8,13,20,31,33,10,0,0
1390,05-08-08,1,12,17,21,28,32,8,0,0
1391,02-08-08,1,19,20,22,28,34,4,1,0
1392,29-07-08,2,11,13,17,32,34,6,0,0
1393,26-07-08,5,15,21,22,27,29,10,0,0
1394,22-07-08,3,10,13,18,21,31,3,1,0
1395,19-07-08,12,15,17,18,26,31,9,0,0
1396,15-07-08,11,12,13,21,23,24,7,0,0
1397,12-07-08,5,8,12,16,21,25,1,0,0
1398,08-07-08,3,16,20,23,27,28,5,1,0
1399,05-07-08,3,19,25,26,32,34,10,0,0
1400,01-07-08,4,11,13,17,24,28,10,1,0
1401,28-06-08,4,7,11,14,22,25,7,1,0
1402,24-06-08,1,9,15,16,19,34,2,0,1
1403,21-06-08,2,9,13,19,23,32,3,0,1
1404,17-06-08,3,7,8,22,24,30,8,0,0
1405,14-06-08,2,4,19,27,33,34,8,0,0
1406,11-06-08,4,12,14,21,24,30,2,0,0
1407,07-06-08,1,2,17,18,32,34,6,0,0
1408,03-06-08,3,4,6,13,21,30,6,0,0
1409,31-05-08,2,8,20,25,31,32,9,0,0
1410,27-05-08,2,3,4,12,18,28,6,0,0
1411,24-05-08,1,2,16,17,20,31,3,0,0
1412,20-05-08,1,12,16,20,22,23,8,1,0
1413,17-05-08,5,9,13,24,27,31,2,0,0
1414,13-05-08,6,12,13,16,28,32,6,0,0
1415,10-05-08,6,11,18,25,29,30,8,0,0
1416,06-05-08,3,10,18,27,28,30,2,1,0
1417,03-05-08,11,18,22,24,26,29,5,2,0
1418,29-04-08,4,13,19,23,27,28,1,0,0
1419,26-04-08,1,2,3,6,7,17,6,0,0
1420,22-04-08,5,7,9,17,25,30,8,0,0
1421,18-04-08,1,5,8,14,21,23,10,0,0
1422,15-04-08,6,11,23,25,28,29,3,1,0
1423,12-04-08,3,12,19,26,29,33,8,0,0
1424,08-04-08,2,10,11,13,14,17,7,1,0
1425,05-04-08,6,9,12,18,19,31,6,1,0
1426,01-04-08,5,7,12,16,18,34,4,0,0
1427,29-03-08,5,7,9,20,26,31,9,1,0
1428,25-03-08,13,28,29,31,32,34,10,1,0
1429,22-03-08,2,4,21,26,27,33,4,0,0
1430,18-03-08,8,11,14,26,28,29,1,0,0
1431,15-03-08,5,13,17,22,25,34,7,0,0
1432,11-03-08,1,7,8,16,17,24,3,0,0
1433,08-03-08,6,19,20,21,25,32,9,0,0
1434,04-03-08,9,11,12,20,30,33,7,0,0
1435,01-03-08,5,7,15,23,27,32,4,0,0
1436,26-02-08,7,14,15,24,27,34,9,0,0
1437,23-02-08,3,4,22,23,24,26,1,0,0
1438,19-02-08,3,7,13,15,21,26,7,0,0
1439,16-02-08,3,8,14,16,17,21,3,0,0
1440,12-02-08,9,17,18,20,33,34,8,0,0
1441,09-02-08,2,12,20,24,29,31,9,1,0
1442,05-02-08,6,10,16,17,20,32,8,0,0
1443,02-02-08,2,7,8,14,21,33,2,1,1
1444,29-01-08,2,3,23,25,31,32,8,0,0
1445,26-01-08,6,14,17,26,30,32,7,0,0
1446,22-01-08,2,3,7,15,17,28,8,0,0
1447,19-01-08,7,12,17,21,25,29,2,0,0
1448,15-01-08,2,3,7,11,20,28,8,0,0
1449,12-01-08,10,12,16,28,29,31,6,1,0
1450,08-01-08,8,10,17,22,26,31,1,0,0
1451,05-01-08,4,7,11,15,18,31,9,0,0
1452,31-12-07,1,3,6,18,22,28,2,0,0
1453,29-12-07,5,15,17,23,27,30,2,0,0
1454,25-12-07,2,3,9,10,14,18,5,0,0
1455,22-12-07,2,5,14,20,22,30,8,0,0
1456,18-12-07,3,11,13,16,17,33,8,0,0
1457,15-12-07,3,4,15,17,18,33,9,0,0
1458,11-12-07,14,17,18,22,25,34,5,1,0
1459,08-12-07,5,13,25,28,32,34,6,0,0
1460,06-12-07,10,14,17,23,24,34,9,0,0
1461,04-12-07,3,14,16,23,24,31,1,0,0
1462,01-12-07,3,4,8,11,17,19,9,0,0
1463,27-11-07,1,2,7,27,29,31,3,0,0
1464,24-11-07,7,11,15,19,22,27,3,1,0
1465,20-11-07,7,11,15,20,31,33,6,0,0
1466,17-11-07,3,4,9,14,15,30,3,0,0
1467,13-11-07,3,7,11,14,23,28,4,0,0
1468,10-11-07,5,8,10,15,26,30,6,0,0
1469,06-11-07,1,19,22,25,27,32,2,0,0
1470,03-11-07,10,12,13,19,21,28,4,0,0
1471,01-11-07,3,5,15,23,28,32,7,0,0
1472,30-10-07,10,14,23,27,30,31,10,0,0
1473,27-10-07,2,5,10,11,17,22,4,0,1
1474,23-10-07,11,12,15,17,19,31,2,0,0
1475,20-10-07,4,7,9,10,24,33,8,0,0
1476,16-10-07,6,8,14,18,19,29,5,0,0
1477,13-10-07,10,14,17,21,29,30,5,0,0
1478,11-10-07,2,7,8,12,26,29,3,0,0
1479,09-10-07,5,10,12,22,32,33,1,0,0
1480,06-10-07,4,10,12,15,21,29,3,0,0
1481,02-10-07,1,2,3,5,33,34,2,0,0
1482,29-09-07,1,2,11,18,28,34,3,0,0
1483,25-09-07,1,6,7,10,26,29,6,0,0
1484,23-09-07,8,16,17,22,23,24,1,0,1
1485,18-09-07,4,16,19,28,30,32,10,1,0
1486,16-09-07,3,4,9,16,23,27,3,1,0
1487,11-09-07,3,12,15,26,33,34,10,0,0
1488,08-09-07,3,10,18,21,25,27,2,0,0
1489,06-09-07,2,6,22,31,32,33,5,0,0
1490,04-09-07,3,14,20,31,33,34,7,2,0
1491,01-09-07,1,3,8,11,20,31,9,0,0
1492,28-08-07,20,28,29,30,32,34,3,0,0
1493,25-08-07,7,13,15,22,30,32,5,0,0
1494,21-08-07,5,13,21,25,31,33,3,0,0
1495,18-08-07,6,7,12,21,28,30,8,0,0
1496,14-08-07,3,9,10,16,30,32,8,0,1
1497,11-08-07,3,7,9,15,18,29,1,0,0
1498,07-08-07,4,6,8,10,17,34,10,0,
1499,04-08-07,5,6,9,16,19,22,8,1,
1500,02-08-07,5,9,10,11,29,31,6,0,
1501,31-07-07,1,3,7,20,21,22,7,0,
1502,28-07-07,9,12,23,24,28,33,4,0,
1503,24-07-07,7,13,22,24,27,28,3,0,
1504,21-07-07,6,7,10,12,22,30,4,0,
1505,17-07-07,5,7,12,15,20,25,5,1,
1506,14-07-07,2,7,10,21,25,33,6,0,
1507,10-07-07,6,7,9,15,28,33,9,0,
1508,07-07-07,7,9,14,15,24,34,6,0,
1509,05-07-07,2,4,16,18,26,34,2,0,
1510,03-07-07,2,12,21,24,25,27,9,0,
1511,28-06-07,5,6,7,24,26,29,3,0,
1512,26-06-07,8,14,22,28,31,33,5,0,
1513,23-06-07,3,7,19,21,27,31,9,0,
1514,19-06-07,5,6,9,17,27,32,4,0,
1515,16-06-07,9,12,18,21,23,28,1,0,
1516,12-06-07,5,6,9,21,24,28,2,1,
1517,09-06-07,13,17,20,21,25,34,7,0,
1518,07-06-07,3,4,11,23,24,34,10,0,
1519,05-06-07,6,9,13,16,24,32,4,1,
1520,02-06-07,1,7,9,16,17,29,8,0,
1521,29-05-07,1,3,21,23,27,32,6,0,
1522,26-05-07,5,8,13,14,16,29,10,0,
1523,23-05-07,2,3,8,22,24,34,4,0,
1524,19-05-07,3,8,9,24,26,27,9,1,
1525,15-05-07,3,6,7,15,18,20,6,0,
1526,12-05-07,2,4,9,24,33,34,9,0,
1527,08-05-07,6,10,11,25,31,32,7,0,
1528,05-05-07,4,15,21,26,27,28,9,1,
1529,03-05-07,10,11,19,25,26,27,9,0,
1530,01-05-07,1,3,5,14,19,22,8,0,
1531,28-04-07,3,14,16,22,28,29,7,0,
1532,25-04-07,8,9,21,28,30,32,2,0,
1533,21-04-07,1,3,14,19,26,31,9,0,
1534,17-04-07,5,6,17,20,24,28,3,0,
1535,14-04-07,1,9,10,17,26,34,1,0,
1536,12-04-07,5,18,20,24,26,29,10,0,
1537,10-04-07,2,3,5,6,12,32,6,0,
1538,07-04-07,14,17,20,24,25,31,7,1,
1539,04-04-07,6,8,12,24,25,31,4,0,
1540,31-03-07,1,7,22,26,31,32,3,0,
1541,27-03-07,7,12,22,24,26,30,4,0,
1542,24-03-07,4,9,10,12,21,32,8,0,
1543,20-03-07,2,18,19,20,26,31,4,0,
1544,17-03-07,1,12,20,31,33,34,7,0,
1545,13-03-07,2,4,10,15,21,30,4,0,
1546,10-03-07,3,12,20,25,28,32,6,0,
1547,08-03-07,6,10,16,24,27,30,1,0,
1548,06-03-07,7,8,21,28,29,31,3,0,
1549,03-03-07,3,4,12,14,33,34,9,0,
1550,27-02-07,2,5,6,20,28,30,7,0,
1551,24-02-07,1,8,11,12,25,30,9,0,
1552,20-02-07,17,24,27,30,31,34,8,0,
1553,17-02-07,9,15,19,27,28,32,7,0,
1554,13-02-07,10,11,16,20,23,33,10,0,
1555,10-02-07,15,26,29,30,33,34,7,0,
1556,06-02-07,9,11,19,20,27,28,4,0,
1557,03-02-07,8,16,21,23,26,28,4,0,
1558,01-02-07,3,4,12,21,30,34,8,1,
1559,30-01-07,6,14,18,24,25,27,8,0,
1560,27-01-07,6,10,15,20,27,33,2,0,
1561,23-01-07,10,17,21,26,28,29,8,0,
1562,20-01-07,1,20,21,27,29,32,9,0,
1563,16-01-07,3,23,27,32,33,34,6,0,
1564,13-01-07,3,4,8,15,22,32,7,0,
1565,09-01-07,3,14,22,24,32,33,7,0,
1566,06-01-07,4,6,10,18,24,34,4,0,
1567,04-01-07,1,4,8,14,27,33,4,0,
1568,02-01-07,3,20,21,22,26,31,8,0,
1569,30-12-06,7,17,18,20,21,26,3,0,
1570,28-12-06,1,17,21,25,26,34,4,0,
1571,26-12-06,15,17,19,26,28,32,7,0,
1572,23-12-06,7,9,14,18,22,23,8,0,
1573,19-12-06,2,6,13,22,29,34,7,0,
1574,16-12-06,7,11,13,16,22,28,6,1,
1575,12-12-06,11,13,15,19,31,33,2,3,
1576,05-12-06,4,5,8,13,20,26,8,0,
1577,02-12-06,2,5,21,27,29,33,10,0,
1578,30-11-06,3,8,10,16,19,33,1,0,
1579,28-11-06,1,2,13,22,25,33,9,0,
1580,25-11-06,9,12,24,28,30,32,7,0,
1581,21-11-06,1,3,19,27,30,32,6,0,
1582,18-11-06,8,14,22,25,27,30,9,0,
1583,14-11-06,2,9,11,15,19,30,9,1,
1584,11-11-06,5,8,10,24,33,34,2,0,
1585,09-11-06,3,10,18,25,26,34,10,0,
1586,07-11-06,1,8,17,19,21,31,4,0,
1587,04-11-06,4,11,13,20,21,27,2,0,
1588,31-10-06,1,3,6,26,30,31,7,0,
1589,28-10-06,3,4,13,26,27,33,2,0,
1590,24-10-06,3,15,18,23,26,31,4,0,
1591,21-10-06,1,11,12,21,23,31,10,0,
1592,19-10-06,1,7,16,21,26,33,7,0,
1593,17-10-06,2,6,7,11,12,22,5,1,
1594,14-10-06,7,8,12,17,23,33,10,0,
1595,10-10-06,1,10,14,17,27,32,2,0,
1596,07-10-06,5,7,8,14,30,34,1,0,
1597,03-10-06,4,10,18,28,31,32,3,1,
1598,30-09-06,2,6,9,16,27,31,1,0,
1599,26-09-06,1,14,15,26,29,32,6,0,
1600,24-09-06,2,7,28,29,31,32,7,2,
1601,19-09-06,5,18,20,26,28,34,3,0,
1602,16-09-06,3,17,20,21,22,28,3,0,
1603,12-09-06,10,15,22,26,29,34,5,0,
1604,09-09-06,14,16,19,22,25,32,10,0,
1605,07-09-06,1,2,4,12,14,23,3,0,
1606,05-09-06,2,4,16,23,24,29,8,0,
1607,02-09-06,3,5,9,13,14,21,4,0,
1608,29-08-06,1,7,21,23,29,31,5,0,
1609,26-08-06,3,18,23,28,29,31,2,0,
1610,22-08-06,6,10,20,22,29,34,2,0,
1611,19-08-06,1,2,17,22,27,28,5,0,
1612,15-08-06,8,9,18,24,31,33,3,0,
1613,12-08-06,11,19,21,24,25,30,8,0,
1614,10-08-06,2,5,11,15,22,26,10,0,
1615,08-08-06,1,6,9,17,27,31,9,0,
1616,05-08-06,6,8,15,28,29,34,9,0,
1617,01-08-06,1,2,7,13,14,32,10,0,
1618,29-07-06,4,7,9,13,16,18,9,0,
1619,25-07-06,13,15,19,22,28,32,2,1,
1620,22-07-06,3,5,16,17,24,31,7,0,
1621,18-07-06,4,12,14,17,19,20,6,0,
1622,15-07-06,5,11,12,16,30,33,3,0,
1623,11-07-06,6,11,13,21,26,27,6,0,
1624,08-07-06,3,10,11,22,23,24,8,0,
1625,06-07-06,3,8,9,14,17,22,10,0,
1626,04-07-06,4,10,11,21,23,34,6,0,
1627,01-07-06,6,9,14,21,23,27,3,0,
1628,27-06-06,2,8,11,21,32,33,2,1,
1629,24-06-06,1,7,14,15,17,24,8,0,
1630,20-06-06,3,10,16,20,24,29,2,1,
1631,17-06-06,2,8,10,11,17,31,6,0,
1632,13-06-06,2,3,5,11,19,26,2,0,
1633,10-06-06,2,9,13,21,23,29,10,0,
1634,08-06-06,1,12,23,25,31,33,6,0,
1635,06-06-06,4,8,13,17,22,30,10,1,
1636,03-06-06,7,24,25,28,29,30,8,0,
1637,30-05-06,5,6,8,19,21,30,8,0,
1638,27-05-06,11,15,16,18,21,23,9,0,
1639,23-05-06,1,12,15,20,26,27,5,0,
1640,20-05-06,8,15,25,26,28,34,3,0,
1641,16-05-06,4,6,21,27,29,30,3,0,
1642,13-05-06,1,8,14,17,18,26,4,0,
1643,11-05-06,3,22,23,25,27,32,1,0,
1644,09-05-06,17,21,24,26,29,30,1,0,
1645,06-05-06,2,22,23,24,33,34,5,1,
1646,03-05-06,1,9,23,25,32,34,1,0,
1647,29-04-06,2,7,16,19,23,32,8,0,
1648,25-04-06,12,19,21,26,32,33,1,0,
1649,22-04-06,5,14,20,21,23,28,1,0,
1650,19-04-06,1,3,5,15,20,26,10,0,
1651,15-04-06,1,2,5,10,11,24,8,1,
1652,11-04-06,19,21,25,28,31,34,10,0,
1653,08-04-06,6,8,9,17,27,29,2,0,
1654,06-04-06,8,12,16,18,25,28,3,0,
1655,04-04-06,1,11,14,16,26,27,4,0,
1656,01-04-06,1,6,12,16,22,33,4,0,
1657,28-03-06,1,5,8,24,25,28,4,0,
1658,25-03-06,2,6,12,23,28,32,10,0,
1659,21-03-06,3,12,13,20,28,32,5,1,
1660,18-03-06,3,14,18,24,27,30,6,0,
1661,14-03-06,9,15,16,18,25,27,4,0,
1662,11-03-06,4,5,6,16,19,22,5,0,
1663,07-03-06,1,3,7,24,29,30,3,0,
1664,04-03-06,12,13,26,28,29,30,2,0,
1665,02-03-06,6,10,16,22,27,29,9,0,
1666,28-02-06,1,3,11,16,18,30,1,0,
1667,25-02-06,4,5,21,22,32,34,10,0,
1668,21-02-06,1,4,11,23,26,29,3,0,
1669,18-02-06,1,2,8,12,31,33,6,0,
1670,14-02-06,8,16,23,26,28,29,2,0,
1671,11-02-06,8,11,14,17,25,29,5,0,
1672,07-02-06,8,10,22,29,33,34,9,1,
1673,04-02-06,2,3,5,20,31,32,10,0,
1674,02-02-06,1,3,9,20,28,34,1,2,
1675,31-01-06,14,18,19,26,27,34,5,0,
1676,28-01-06,2,3,9,12,18,24,9,0,
1677,24-01-06,2,4,13,17,19,26,8,0,
1678,21-01-06,12,21,23,24,30,31,1,0,
1679,17-01-06,16,18,20,21,28,32,1,0,
1680,14-01-06,1,6,9,11,16,27,9,0,
1681,10-01-06,2,7,15,21,30,34,9,0,
1682,07-01-06,3,5,9,20,21,28,10,0,
1683,03-01-06,3,7,9,18,20,30,8,1,
1684,31-12-05,6,10,17,19,21,22,10,1,
1685,29-12-05,1,8,17,21,33,34,10,0,
1686,27-12-05,4,8,11,25,28,29,3,0,
1687,24-12-05,2,5,10,11,16,17,7,0,
1688,20-12-05,4,8,16,20,24,33,8,0,
1689,17-12-05,2,15,19,24,32,33,6,0,
1690,13-12-05,1,8,10,28,30,32,1,1,
1691,10-12-05,1,10,15,18,22,34,1,0,
1692,06-12-05,3,10,14,22,29,34,8,0,
1693,03-12-05,1,2,8,20,26,33,8,0,
1694,01-12-05,7,15,21,26,32,33,3,0,
1695,29-11-05,6,11,15,25,29,31,4,1,
1696,26-11-05,1,4,6,10,32,34,7,0,
1697,22-11-05,5,13,16,18,19,28,9,0,
1698,19-11-05,1,4,15,22,24,33,3,0,
1699,15-11-05,5,14,15,23,25,34,7,0,
1700,12-11-05,2,8,16,23,24,34,9,1,
1701,08-11-05,6,20,23,26,29,32,10,0,
1702,05-11-05,4,7,14,20,23,27,7,0,
1703,01-11-05,1,11,14,18,20,29,3,0,
1704,29-10-05,6,8,10,13,27,31,6,1,
1705,25-10-05,2,3,22,27,29,32,6,2,
1706,22-10-05,6,8,17,23,25,28,3,0,
1707,18-10-05,2,7,11,15,21,24,5,0,
1708,15-10-05,6,10,13,16,26,31,4,0,
1709,11-10-05,5,9,18,20,31,34,6,0,
1710,08-10-05,2,12,18,20,24,34,8,1,
1711,05-10-05,7,8,11,13,14,23,10,3,
1712,01-10-05,6,11,13,22,30,31,4,0,
1713,29-09-05,5,10,15,21,24,32,7,0,
1714,27-09-05,1,3,5,14,17,19,5,0,
1715,20-09-05,6,10,12,17,20,26,9,0,
1716,17-09-05,3,10,11,21,23,33,7,0,
1717,13-09-05,8,13,15,19,21,24,5,0,
1718,10-09-05,2,12,20,26,33,34,5,0,
1719,06-09-05,1,15,18,19,33,34,8,0,
1720,03-09-05,12,14,15,24,27,28,7,0,
1721,30-08-05,5,8,14,15,17,24,10,0,
1722,27-08-05,6,13,16,19,22,27,9,0,
1723,23-08-05,6,16,19,25,29,30,2,0,
1724,20-08-05,13,16,25,29,30,34,4,0,
1725,16-08-05,6,14,21,32,33,34,7,1,
1726,12-08-05,6,7,14,23,25,26,5,0,
1727,09-08-05,1,9,15,18,27,31,2,0,
1728,06-08-05,2,4,8,14,17,18,10,0,
1729,02-08-05,3,17,20,23,26,32,5,0,
1730,30-07-05,5,9,11,24,29,34,7,0,
1731,26-07-05,4,5,8,13,18,20,5,0,
1732,23-07-05,6,10,11,16,30,32,3,1,
1733,19-07-05,6,11,18,24,29,33,7,0,
1734,16-07-05,7,11,16,17,23,31,4,0,
1735,12-07-05,7,8,17,21,24,31,1,1,
1736,09-07-05,6,11,14,16,28,31,1,0,
1737,05-07-05,6,15,17,27,30,32,10,1,
1738,02-07-05,3,4,18,20,22,32,10,0,
1739,28-06-05,7,8,10,14,20,21,9,0,
1740,25-06-05,6,13,21,22,28,33,2,0,
1741,21-06-05,8,10,11,14,31,32,5,0,
1742,18-06-05,15,18,19,25,31,34,6,1,
1743,14-06-05,2,12,20,26,29,31,9,0,
1744,11-06-05,9,17,27,28,29,32,1,0,
1745,07-06-05,2,5,8,18,24,25,8,1,
1746,04-06-05,8,16,18,21,22,25,5,0,
1747,31-05-05,7,8,9,23,30,34,7,0,
1748,28-05-05,8,9,13,16,23,31,9,0,
1749,24-05-05,3,8,10,20,30,31,9,0,
1750,21-05-05,3,9,14,19,25,29,4,1,
1751,17-05-05,6,10,23,24,30,34,10,0,
1752,14-05-05,4,6,17,18,20,27,1,0,
1753,10-05-05,3,18,20,28,29,32,6,0,
1754,07-05-05,6,20,25,26,27,33,7,0,
1755,03-05-05,1,3,10,22,30,32,3,0,
1756,30-04-05,2,7,20,25,27,32,3,0,
1757,26-04-05,5,10,16,19,21,27,2,0,
1758,22-04-05,3,15,16,18,22,33,9,0,
1759,19-04-05,1,5,8,10,29,31,4,0,
1760,16-04-05,1,7,12,17,19,20,4,0,
1761,12-04-05,8,14,16,21,28,30,5,0,
1762,09-04-05,5,11,12,15,25,32,1,0,
1763,05-04-05,3,4,9,23,29,30,8,0,
1764,02-04-05,1,2,18,26,29,32,8,0,
1765,29-03-05,1,9,22,24,25,26,8,0,
1766,26-03-05,1,11,12,15,23,32,4,0,
1767,22-03-05,1,8,12,13,21,30,5,1,
1768,19-03-05,1,8,13,18,20,24,7,0,
1769,15-03-05,10,12,19,21,26,30,7,0,
1770,12-03-05,9,15,16,22,24,29,5,1,
1771,08-03-05,1,3,16,20,21,26,5,0,
1772,05-03-05,2,6,7,17,24,28,10,0,
1773,01-03-05,5,9,10,29,30,34,7,0,
1774,26-02-05,16,22,26,31,33,34,1,0,
1775,22-02-05,5,9,12,17,25,30,10,0,
1776,19-02-05,8,20,24,25,31,34,3,0,
1777,15-02-05,5,8,9,21,23,33,1,0,
1778,12-02-05,4,7,23,25,27,31,6,0,
1779,08-02-05,7,9,16,18,21,26,5,0,
1780,05-02-05,3,4,13,17,21,30,2,1,
1781,01-02-05,1,11,13,18,25,30,10,0,
1782,29-01-05,15,18,29,31,33,34,2,0,
1783,25-01-05,8,13,21,24,29,31,3,1,
1784,22-01-05,2,6,12,14,16,33,5,0,
1785,18-01-05,11,16,19,24,25,29,3,0,
1786,15-01-05,2,14,15,17,22,30,10,1,
1787,11-01-05,8,13,17,20,27,34,8,0,
1788,08-01-05,9,20,21,26,30,31,5,0,
1789,04-01-05,3,11,23,26,31,33,7,0,
1790,31-12-04,2,3,14,25,28,29,6,0,
1791,28-12-04,11,12,16,22,23,29,1,0,
1792,25-12-04,9,15,23,27,31,34,7,1,
1793,21-12-04,1,2,9,17,25,26,4,0,
1794,18-12-04,2,4,9,20,25,28,5,0,
1795,14-12-04,1,3,18,21,23,32,5,0,
1796,11-12-04,2,9,11,15,16,19,4,0,
1797,07-12-04,6,10,19,21,25,26,7,0,
1798,04-12-04,10,11,12,14,18,21,1,0,
1799,30-11-04,3,8,9,14,20,24,4,0,
1800,27-11-04,8,9,19,21,26,31,7,0,
1801,23-11-04,3,12,13,18,28,29,4,1,
1802,20-11-04,1,5,15,26,32,34,8,0,
1803,16-11-04,3,13,14,17,23,24,3,0,
1804,13-11-04,3,4,12,13,17,19,10,0,
1805,09-11-04,3,4,13,22,24,28,4,0,
1806,06-11-04,2,10,12,13,20,27,5,0,
1807,02-11-04,2,4,6,10,11,17,10,0,
1808,30-10-04,7,10,14,18,22,32,2,0,
1809,26-10-04,7,8,11,12,13,22,8,1,
1810,23-10-04,3,6,7,18,24,25,2,0,
1811,19-10-04,2,4,17,18,21,34,1,0,
1812,16-10-04,6,9,19,21,30,33,3,0,
1813,12-10-04,8,15,20,24,29,33,10,0,
1814,09-10-04,1,5,8,10,18,23,9,0,
1815,05-10-04,8,9,17,19,26,27,4,0,
1816,02-10-04,1,2,4,10,11,13,10,1,
1817,28-09-04,2,3,12,17,24,33,2,1,
1818,25-09-04,3,4,6,7,14,20,6,1,
1819,21-09-04,9,17,20,28,30,34,2,0,
1820,19-09-04,2,8,9,15,27,33,7,0,
1821,14-09-04,2,7,19,21,24,28,2,0,
1822,11-09-04,2,8,16,22,23,34,10,0,
1823,07-09-04,1,5,9,15,21,32,8,1,
1824,04-09-04,10,13,19,31,32,33,2,0,
1825,31-08-04,5,11,15,16,19,27,9,0,
1826,28-08-04,5,6,11,15,29,33,10,0,
1827,24-08-04,7,16,20,23,27,33,10,0,
1828,21-08-04,1,9,10,27,32,34,5,0,
1829,17-08-04,7,10,19,30,33,34,7,1,
1830,14-08-04,2,9,11,19,22,23,7,0,
1831,10-08-04,2,3,14,28,30,34,10,1,
1832,07-08-04,19,24,27,29,32,33,10,0,
1833,03-08-04,9,13,16,24,33,34,3,1,
1834,31-07-04,1,4,9,22,24,26,3,1,
1835,27-07-04,2,4,8,11,23,24,5,0,
1836,24-07-04,9,12,18,22,31,33,5,1,
1837,20-07-04,2,4,9,10,24,26,2,0,
1838,17-07-04,1,4,12,17,18,30,7,0,
1839,13-07-04,1,11,13,15,20,21,2,0,
1840,10-07-04,7,19,27,29,30,33,9,0,
1841,06-07-04,6,13,15,18,22,27,5,3,
1842,03-07-04,1,6,11,15,19,26,9,0,
1843,29-06-04,7,8,9,10,23,27,9,0,
1844,26-06-04,10,17,25,26,27,30,3,0,
1845,22-06-04,14,22,25,28,30,34,4,0,
1846,19-06-04,6,8,15,25,26,28,7,0,
1847,15-06-04,5,14,15,16,17,20,6,0,
1848,12-06-04,5,9,12,24,27,30,9,0,
1849,08-06-04,2,6,8,16,17,19,7,0,
1850,05-06-04,10,12,16,22,28,32,6,0,
1851,01-06-04,2,5,11,23,24,25,7,2,
1852,29-05-04,5,7,21,22,28,33,1,0,
1853,26-05-04,16,19,20,22,28,31,2,1,
1854,22-05-04,6,14,18,19,27,33,5,0,
1855,18-05-04,5,7,9,11,24,34,9,0,
1856,15-05-04,3,14,18,24,31,34,3,0,
1857,11-05-04,8,14,21,23,27,29,9,0,
1858,08-05-04,8,14,19,27,28,34,2,0,
1859,04-05-04,6,9,14,20,28,32,4,0,
1860,01-05-04,2,4,11,20,24,25,9,0,
1861,28-04-04,9,11,17,19,22,27,8,0,
1862,24-04-04,2,5,19,24,30,34,6,0,
1863,20-04-04,10,11,13,14,17,21,8,1,
1864,17-04-04,2,19,27,29,31,32,4,0,
1865,13-04-04,10,11,13,15,30,32,8,1,
1866,10-04-04,2,21,22,24,25,26,6,0,
1867,07-04-04,11,15,18,20,22,28,5,2,
1868,03-04-04,1,7,9,16,26,33,7,0,
1869,30-03-04,4,7,20,21,26,32,4,0,
1870,27-03-04,4,6,8,19,29,31,9,0,
1871,23-03-04,2,9,13,15,16,18,2,0,
1872,20-03-04,3,6,8,13,14,32,7,0,
1873,16-03-04,6,7,10,12,29,32,3,0,
1874,12-03-04,3,4,7,14,27,29,2,0,
1875,09-03-04,12,20,24,30,35,40,6,,
1876,05-03-04,7,20,21,30,39,44,40,,
1877,02-03-04,20,21,33,37,39,40,32,,
1878,27-02-04,3,9,10,40,41,42,35,,
1879,24-02-04,4,17,19,31,36,43,37,,
1880,20-02-04,5,6,9,27,33,40,29,,
1881,17-02-04,7,14,20,34,38,40,35,,
1882,13-02-04,8,18,20,36,37,40,24,,
1883,10-02-04,1,8,18,31,33,37,6,,
1884,06-02-04,9,16,18,38,40,41,15,,
1885,03-02-04,6,7,32,35,43,45,3,,
1886,30-01-04,4,14,19,20,26,40,31,,
1887,27-01-04,10,12,28,36,39,40,43,,
1888,23-01-04,3,4,9,15,23,24,6,,
1889,20-01-04,1,20,22,24,37,44,28,,
1890,16-01-04,18,20,35,37,40,45,10,,
1891,13-01-04,9,16,21,26,28,38,25,,
1892,09-01-04,4,12,13,34,38,44,24,,
1893,06-01-04,12,14,26,32,39,41,19,,
1894,03-01-04,8,20,22,25,31,35,45,,
1895,30-12-03,17,35,38,39,42,44,13,,
1896,27-12-03,10,11,21,22,36,44,14,,
1897,25-12-03,11,20,24,30,42,43,14,,
1898,23-12-03,1,16,17,18,20,30,45,,
1899,20-12-03,11,12,20,26,29,44,6,,
1900,16-12-03,1,10,25,28,32,38,13,,
1901,09-12-03,4,9,15,20,32,39,11,,
1902,06-12-03,9,12,13,18,21,42,25,,
1903,02-12-03,8,12,13,38,39,43,22,,
1904,29-11-03,2,20,21,27,30,39,37,,
1905,25-11-03,9,25,30,31,37,45,18,,
1906,22-11-03,3,17,20,28,33,35,22,,
1907,18-11-03,6,7,15,23,35,38,28,,
1908,15-11-03,4,7,21,28,33,40,19,,
1909,11-11-03,1,13,15,23,27,41,7,,
1910,08-11-03,19,20,23,28,29,43,38,,
1911,04-11-03,3,16,23,24,26,27,21,,
1912,01-11-03,6,12,14,21,26,38,24,,
1913,28-10-03,6,7,17,21,26,38,3,,
1914,25-10-03,4,7,21,23,26,36,40,,
1915,21-10-03,1,5,17,28,40,43,23,,
1916,18-10-03,9,16,18,20,22,39,43,,
1917,14-10-03,15,24,25,26,33,37,32,,
1918,11-10-03,1,11,16,28,29,31,41,,
1919,07-10-03,2,11,33,34,43,45,7,,
1920,04-10-03,3,8,11,21,26,38,36,,
1921,30-09-03,16,19,24,30,32,39,15,,
1922,28-09-03,10,17,24,32,38,41,6,,
1923,23-09-03,7,8,9,20,28,40,14,,
1924,20-09-03,2,13,18,19,27,43,25,,
1925,16-09-03,1,7,10,18,25,35,39,,
1926,13-09-03,1,9,25,29,34,38,2,,
1927,09-09-03,4,5,6,12,31,45,27,,
1928,06-09-03,5,12,21,36,37,38,33,,
1929,02-09-03,5,8,11,26,32,36,13,,
1930,30-08-03,9,10,17,28,30,41,34,,
1931,26-08-03,2,6,8,9,10,17,36,,
1932,23-08-03,3,7,11,16,19,26,23,,
1933,19-08-03,12,15,26,38,43,44,36,,
1934,16-08-03,3,18,24,27,28,37,12,,
1935,12-08-03,1,2,3,18,29,33,27,,
1936,09-08-03,8,9,16,23,27,32,30,,
1937,05-08-03,1,10,14,15,30,35,27,,
1938,02-08-03,2,3,16,20,37,45,43,,
1939,29-07-03,2,8,38,40,43,44,31,,
1940,26-07-03,6,15,18,34,42,45,32,,
1941,22-07-03,1,3,12,19,22,26,17,,
1942,19-07-03,3,8,11,18,29,40,37,,
1943,15-07-03,4,14,33,35,40,42,11,,
1944,12-07-03,12,13,21,22,28,32,44,,
1945,08-07-03,1,5,7,11,24,41,9,,
1946,05-07-03,10,11,18,26,35,36,33,,
1947,01-07-03,14,22,27,37,42,45,9,,
1948,28-06-03,7,12,15,35,40,41,39,,
1949,24-06-03,10,13,29,32,35,44,21,,
1950,21-06-03,7,11,20,28,35,36,39,,
1951,17-06-03,18,26,31,35,41,42,22,,
1952,14-06-03,1,5,26,31,36,43,13,,
1953,10-06-03,6,9,15,29,34,40,22,,
1954,07-06-03,5,18,21,28,39,40,26,,
1955,03-06-03,2,11,16,23,29,36,41,,
1956,31-05-03,6,12,13,28,35,45,22,,
1957,27-05-03,19,20,27,38,39,41,28,,
1958,24-05-03,1,4,14,20,33,43,37,,
1959,20-05-03,10,12,21,26,32,41,45,,
1960,17-05-03,14,21,25,32,34,37,2,,
1961,13-05-03,8,19,25,30,33,42,44,,
1962,10-05-03,2,11,14,20,28,44,12,,
1963,07-05-03,1,2,3,11,16,20,18,,
1964,03-05-03,7,10,17,18,35,40,22,,
1965,29-04-03,1,4,11,39,40,41,22,,
1966,26-04-03,2,5,9,15,23,42,18,,
1967,23-04-03,5,12,13,29,31,37,11,,
1968,19-04-03,18,21,26,33,40,42,37,,
1969,15-04-03,14,16,23,34,37,40,18,,
1970,12-04-03,13,16,20,23,30,42,29,,
1971,08-04-03,8,19,26,39,41,44,30,,
1972,05-04-03,5,7,13,19,31,35,23,,
1973,01-04-03,15,20,23,25,27,28,14,,
1974,29-03-03,4,5,8,28,40,43,34,,
1975,25-03-03,1,2,9,12,26,45,8,,
1976,22-03-03,5,6,7,15,22,30,2,,
1977,18-03-03,1,11,19,28,35,43,13,,
1978,15-03-03,15,18,25,27,29,40,2,,
1979,11-03-03,15,18,24,34,35,45,29,,
1980,08-03-03,4,5,19,24,27,40,28,,
1981,04-03-03,2,5,18,30,40,43,44,,
1982,01-03-03,2,5,10,26,32,39,40,,
1983,25-02-03,15,16,17,36,38,41,22,,
1984,22-02-03,8,15,21,27,36,37,44,,
1985,18-02-03,3,17,19,30,37,41,14,,
1986,15-02-03,4,7,18,21,30,44,5,,
1987,11-02-03,25,30,32,34,37,40,39,,
1988,08-02-03,7,9,23,36,38,41,33,,
1989,04-02-03,14,20,25,27,35,36,37,,
1990,01-02-03,6,24,25,27,28,45,42,,
1991,28-01-03,11,17,24,29,32,36,3,,
1992,25-01-03,6,9,18,23,30,42,26,,
1993,21-01-03,14,15,23,24,35,36,12,,
1994,18-01-03,7,9,15,23,41,43,14,,
1995,14-01-03,1,2,18,23,24,36,43,,
1996,11-01-03,11,16,17,20,35,45,31,,
1997,07-01-03,5,6,12,29,38,45,44,,
1998,04-01-03,8,17,18,22,31,45,15,,
1999,31-12-02,2,5,8,24,34,40,44,,
2000,28-12-02,1,2,5,21,32,41,19,,
2001,24-12-02,3,13,17,39,43,45,2,,
2002,21-12-02,15,23,26,29,37,44,36,,
2003,17-12-02,2,7,23,24,31,37,27,,
2004,14-12-02,5,9,10,16,24,26,42,,
2005,10-12-02,4,10,26,31,32,45,41,,
2006,07-12-02,11,16,19,24,31,44,25,,
2007,03-12-02,7,8,12,17,31,36,13,,
2008,30-11-02,8,14,22,28,30,39,11,,
2009,26-11-02,7,14,15,17,27,43,45,,
2010,23-11-02,8,17,20,25,28,45,18,,
2011,19-11-02,6,14,24,28,30,35,39,,
2012,16-11-02,14,18,28,30,38,39,42,,
2013,12-11-02,11,19,34,35,37,40,2,,
2014,09-11-02,8,10,25,28,31,36,44,,
2015,05-11-02,3,18,20,25,31,35,42,,
2016,02-11-02,3,13,18,20,21,33,2,,
2017,29-10-02,7,13,17,22,43,45,35,,
2018,26-10-02,2,5,10,11,17,35,3,,
2019,22-10-02,1,13,17,20,37,43,33,,
2020,19-10-02,2,7,11,17,25,28,29,,
2021,15-10-02,6,11,17,19,24,36,38,,
2022,12-10-02,10,13,22,24,35,37,1,,
2023,08-10-02,1,18,34,35,41,42,2,,
2024,05-10-02,5,10,22,32,34,37,27,,
2025,01-10-02,5,9,14,24,30,43,7,,
2026,28-09-02,8,11,16,21,34,36,17,,
2027,24-09-02,20,21,24,28,30,35,45,,
2028,21-09-02,4,6,8,19,36,42,2,,
2029,17-09-02,12,14,20,22,31,40,19,,
2030,14-09-02,1,2,7,26,27,32,12,,
2031,10-09-02,6,8,17,22,31,39,15,,
2032,08-09-02,12,21,23,26,44,45,11,,
2033,03-09-02,8,17,19,29,36,37,26,,
2034,31-08-02,2,9,10,12,18,24,41,,
2035,27-08-02,12,25,26,28,30,44,41,,
2036,24-08-02,11,14,18,23,30,39,1,,
2037,20-08-02,6,8,26,27,32,33,23,,
2038,17-08-02,6,7,9,19,25,30,27,,
2039,13-08-02,4,10,18,31,35,40,19,,
2040,10-08-02,4,8,15,23,31,32,5,,
2041,06-08-02,2,5,9,12,21,27,20,,
2042,03-08-02,6,17,29,32,33,38,25,,
2043,30-07-02,7,9,10,21,22,39,32,,
2044,27-07-02,4,9,12,16,20,24,14,,
2045,23-07-02,7,11,16,25,31,38,32,,
2046,20-07-02,1,17,25,35,38,45,26,,
2047,16-07-02,8,14,17,24,35,41,25,,
2048,13-07-02,6,11,14,16,19,33,21,,
2049,09-07-02,12,14,24,25,34,40,16,,
2050,06-07-02,3,7,10,24,35,43,20,,
2051,02-07-02,5,13,19,21,25,32,4,,
2052,29-06-02,1,11,16,35,38,44,33,,
2053,25-06-02,10,21,28,30,31,35,19,,
2054,22-06-02,12,20,31,38,39,43,7,,
2055,18-06-02,13,17,23,36,37,42,45,,
2056,15-06-02,21,23,31,33,37,43,30,,
2057,11-06-02,6,11,13,23,28,44,38,,
2058,08-06-02,20,22,24,30,32,43,31,,
2059,04-06-02,7,12,17,21,33,40,45,,
2060,01-06-02,2,21,32,38,44,45,25,,
2061,28-05-02,4,6,19,26,29,38,34,,
2062,25-05-02,16,20,21,27,33,38,2,,
2063,21-05-02,6,11,12,22,23,27,35,,
2064,18-05-02,4,5,27,37,42,43,38,,
2065,14-05-02,2,9,12,19,22,32,14,,
2066,11-05-02,9,13,17,22,35,44,16,,
2067,07-05-02,5,26,30,33,34,37,27,,
2068,04-05-02,7,15,17,18,22,28,4,,
2069,30-04-02,5,8,11,20,22,27,25,,
2070,27-04-02,5,11,17,39,40,43,21,,
2071,23-04-02,9,14,26,31,41,43,29,,
2072,20-04-02,1,3,7,14,15,44,31,,
2073,17-04-02,5,6,11,26,34,35,44,,
2074,13-04-02,1,8,17,24,27,42,13,,
2075,09-04-02,1,7,26,35,40,44,21,,
2076,06-04-02,10,37,38,40,43,45,39,,
2077,03-04-02,5,10,21,25,27,34,23,,
2078,30-03-02,4,12,19,27,40,43,30,,
2079,26-03-02,7,8,10,11,18,36,21,,
2080,23-03-02,2,5,10,15,26,42,7,,
2081,19-03-02,4,12,13,18,38,45,30,,
2082,16-03-02,8,18,22,31,39,45,23,,
2083,12-03-02,3,5,27,35,43,44,23,,
2084,09-03-02,1,10,14,16,26,37,33,,
2085,05-03-02,13,18,22,27,29,33,25,,
2086,02-03-02,8,11,23,36,43,44,33,,
2087,26-02-02,1,5,11,20,33,43,23,,
2088,23-02-02,2,6,14,25,30,31,38,,
2089,19-02-02,1,14,16,20,28,45,19,,
2090,16-02-02,2,8,14,22,40,41,17,,
2091,12-02-02,4,11,13,20,43,45,42,,
2092,09-02-02,6,7,18,20,25,27,29,,
2093,05-02-02,5,8,18,21,29,37,16,,
2094,02-02-02,2,8,9,20,28,33,44,,
2095,29-01-02,8,19,28,35,42,43,30,,
2096,26-01-02,9,16,21,23,26,44,8,,
2097,22-01-02,1,5,16,39,42,45,44,,
2098,19-01-02,6,10,13,19,21,39,27,,
2099,15-01-02,3,4,9,20,31,45,21,,
2100,12-01-02,5,22,24,34,40,42,36,,
2101,08-01-02,2,4,13,16,17,19,38,,
2102,05-01-02,1,9,15,18,27,34,10,,
2103,01-01-02,8,10,21,26,41,43,25,,
2104,29-12-01,2,17,26,30,33,41,31,,
2105,25-12-01,1,14,33,35,37,44,18,,
2106,22-12-01,1,6,9,18,27,28,15,,
2107,18-12-01,1,15,25,33,35,38,13,,
2108,15-12-01,11,15,23,29,31,37,26,,
2109,11-12-01,8,15,19,20,27,33,23,,
2110,08-12-01,2,10,17,19,34,39,14,,
2111,04-12-01,1,3,7,13,16,24,29,,
2112,01-12-01,8,19,20,23,36,37,11,,
2113,27-11-01,1,3,7,18,40,43,33,,
2114,24-11-01,1,13,22,32,42,43,9,,
2115,20-11-01,6,9,12,15,23,42,32,,
2116,17-11-01,4,7,16,17,38,40,22,,
2117,13-11-01,2,4,15,19,29,42,23,,
2118,10-11-01,3,8,12,22,31,42,44,,
2119,06-11-01,2,11,29,34,36,40,38,,
2120,03-11-01,7,9,15,16,28,34,1,,
2121,30-10-01,3,16,24,27,31,33,23,,
2122,27-10-01,14,16,21,22,29,38,6,,
2123,23-10-01,9,12,30,31,37,44,24,,
2124,20-10-01,1,4,5,12,34,42,17,,
2125,16-10-01,2,21,23,25,30,40,27,,
2126,13-10-01,12,33,36,39,40,42,34,,
2127,09-10-01,19,26,35,37,41,42,10,,
2128,06-10-01,8,15,16,19,37,45,26,,
2129,02-10-01,5,12,26,28,34,39,16,,
2130,29-09-01,1,9,12,18,19,20,17,,
2131,25-09-01,8,14,25,36,37,44,16,,
2132,22-09-01,2,22,23,29,35,44,27,,
2133,19-09-01,1,4,16,28,33,38,2,,
2134,15-09-01,2,7,13,22,34,38,16,,
2135,11-09-01,1,11,15,29,38,43,30,,
2136,08-09-01,3,9,14,15,17,42,24,,
2137,04-09-01,4,5,7,13,15,31,34,,
2138,01-09-01,7,10,12,19,21,28,6,,
2139,28-08-01,2,17,24,30,31,45,41,,
2140,25-08-01,21,25,26,31,37,44,38,,
2141,21-08-01,7,23,29,33,36,45,31,,
2142,18-08-01,7,21,30,33,34,45,40,,
2143,14-08-01,6,10,13,17,18,32,35,,
2144,11-08-01,9,11,25,37,41,43,38,,
2145,07-08-01,4,5,8,27,36,40,35,,
2146,04-08-01,1,3,29,34,40,42,7,,
2147,31-07-01,6,14,15,17,20,37,23,,
2148,27-07-01,4,6,20,30,33,41,14,,
2149,24-07-01,4,9,11,21,33,44,5,,
2150,21-07-01,2,9,12,19,20,25,45,,
2151,17-07-01,2,7,17,23,25,42,33,,
2152,14-07-01,2,7,8,19,26,41,12,,
2153,10-07-01,2,4,5,13,26,32,33,,
2154,07-07-01,18,21,26,30,42,44,15,,
2155,03-07-01,8,16,17,26,27,43,1,,
2156,30-06-01,1,5,7,11,37,45,23,,
2157,26-06-01,20,24,30,31,37,41,35,,
2158,23-06-01,2,21,22,33,39,44,25,,
2159,19-06-01,10,19,22,24,38,42,11,,
2160,16-06-01,5,8,9,22,24,41,7,,
2161,12-06-01,4,14,24,31,38,39,17,,
2162,09-06-01,8,9,13,27,31,41,11,,
2163,05-06-01,2,11,12,16,40,44,3,,
2164,02-06-01,3,19,26,27,29,40,35,,
2165,29-05-01,4,10,13,29,32,43,44,,
2166,26-05-01,3,6,11,19,33,43,8,,
2167,22-05-01,6,9,12,23,33,45,41,,
2168,19-05-01,12,21,27,30,37,44,7,,
2169,15-05-01,12,19,23,29,31,39,34,,
2170,12-05-01,4,7,13,18,32,40,28,,
2171,08-05-01,22,31,34,35,41,44,6,,
2172,05-05-01,2,4,6,14,21,43,36,,
2173,01-05-01,9,11,16,18,31,36,42,,
2174,28-04-01,6,7,12,17,20,37,26,,
2175,24-04-01,13,19,25,32,40,42,9,,
2176,21-04-01,4,7,13,15,35,45,8,,
2177,17-04-01,21,24,27,36,44,45,2,,
2178,14-04-01,6,13,15,32,44,45,35,,
2179,10-04-01,17,18,26,33,37,42,1,,
2180,06-04-01,12,19,22,29,30,41,14,,
2181,03-04-01,6,22,27,37,42,43,34,,
2182,31-03-01,4,21,25,30,31,34,2,,
2183,27-03-01,4,8,12,22,24,45,42,,
2184,24-03-01,3,6,22,24,28,38,40,,
2185,20-03-01,7,16,25,26,29,42,37,,
2186,17-03-01,4,8,10,16,39,40,12,,
2187,13-03-01,3,4,15,21,23,40,39,,
2188,10-03-01,2,10,18,25,33,36,41,,
2189,06-03-01,4,10,25,28,31,41,24,,
2190,03-03-01,1,13,18,19,39,43,6,,
2191,27-02-01,3,11,18,28,32,36,40,,
2192,24-02-01,5,7,30,35,40,44,33,,
2193,20-02-01,20,35,36,40,43,45,15,,
2194,17-02-01,1,10,11,39,43,44,25,,
2195,13-02-01,3,9,11,17,22,24,16,,
2196,10-02-01,11,16,18,26,30,39,22,,
2197,06-02-01,22,23,27,30,36,44,21,,
2198,03-02-01,4,7,11,24,26,38,6,,
2199,30-01-01,5,10,20,23,24,45,33,,
2200,27-01-01,12,23,25,29,37,40,19,,
2201,23-01-01,2,12,16,22,27,32,7,,
2202,20-01-01,2,4,22,23,32,34,21,,
2203,16-01-01,8,17,28,32,35,39,5,,
2204,13-01-01,14,20,26,31,42,45,4,,
2205,09-01-01,2,5,13,29,30,32,12,,
2206,06-01-01,3,26,29,40,42,45,16,,
2207,02-01-01,21,22,23,28,29,43,13,,
2208,30-12-00,2,8,18,31,33,38,42,,
2209,26-12-00,2,9,10,11,28,36,27,,
2210,23-12-00,1,14,21,22,27,44,16,,
2211,19-12-00,4,9,13,26,34,42,12,,
2212,16-12-00,2,9,14,35,38,41,5,,
2213,12-12-00,4,11,12,23,24,44,10,,
2214,09-12-00,4,12,15,20,24,40,18,,
2215,05-12-00,25,32,38,40,41,45,9,,
2216,02-12-00,5,16,32,35,40,43,2,,
2217,28-11-00,10,13,17,28,34,41,39,,
2218,25-11-00,15,20,22,36,37,44,38,,
2219,21-11-00,2,8,16,25,39,41,20,,
2220,18-11-00,7,9,16,26,32,43,13,,
2221,14-11-00,2,17,26,29,33,34,37,,
2222,11-11-00,5,10,16,27,31,44,2,,
2223,07-11-00,4,8,16,27,35,45,5,,
2224,04-11-00,1,4,15,22,31,39,7,,
2225,31-10-00,2,7,8,13,15,29,26,,
2226,28-10-00,1,3,4,25,29,40,41,,
2227,24-10-00,3,4,7,24,30,40,28,,
2228,21-10-00,9,15,19,22,37,44,14,,
2229,17-10-00,3,8,10,14,21,30,42,,
2230,14-10-00,16,21,25,27,35,36,32,,
2231,10-10-00,12,22,24,33,36,43,4,,
2232,07-10-00,7,9,11,12,28,37,45,,
2233,03-10-00,9,22,26,29,30,41,16,,
2234,01-10-00,2,20,24,35,36,43,34,,
2235,26-09-00,6,8,17,18,39,42,1,,
2236,23-09-00,8,9,24,29,30,32,4,,
2237,19-09-00,2,4,12,36,37,41,38,,
2238,16-09-00,3,5,8,18,29,37,39,,
2239,12-09-00,8,13,19,28,41,43,27,,
2240,09-09-00,1,6,14,22,31,35,16,,
2241,05-09-00,12,15,16,18,33,40,43,,
2242,02-09-00,1,5,6,8,15,16,11,,
2243,29-08-00,2,3,22,23,36,45,21,,
2244,26-08-00,3,14,18,25,31,35,41,,
2245,22-08-00,16,21,22,23,25,28,31,,
2246,19-08-00,2,3,10,25,32,36,18,,
2247,15-08-00,4,12,16,29,32,43,3,,
2248,12-08-00,2,17,18,21,27,41,19,,
2249,08-08-00,12,20,23,33,35,43,41,,
2250,05-08-00,2,6,30,38,39,44,36,,
2251,01-08-00,7,15,22,30,36,44,35,,
2252,29-07-00,8,28,32,33,39,40,14,,
2253,25-07-00,4,11,30,31,34,42,5,,
2254,22-07-00,1,10,18,27,40,43,36,,
2255,18-07-00,5,12,16,19,38,44,26,,
2256,15-07-00,15,22,26,35,37,38,43,,
2257,11-07-00,1,8,9,20,24,42,21,,
2258,08-07-00,6,13,31,32,33,37,10,,
2259,04-07-00,1,20,21,39,44,48,30,,
2260,27-06-00,13,18,19,20,40,42,32,,
2261,20-06-00,20,35,36,37,40,49,12,,
2262,13-06-00,5,10,11,16,25,46,40,,
2263,06-06-00,4,6,16,21,26,33,43,,
2264,30-05-00,5,7,8,17,39,42,43,,
2265,23-05-00,1,5,8,32,34,40,44,,
2266,16-05-00,5,12,15,29,41,49,13,,
2267,11-05-00,12,21,24,27,31,37,42,,
2268,03-05-00,1,4,9,26,35,41,10,,
2269,27-04-00,9,12,24,25,38,40,18,,
2270,18-04-00,4,12,13,24,34,49,39,,
2271,11-04-00,3,4,10,15,17,25,26,,
2272,04-04-00,12,16,29,38,40,45,24,,
2273,28-03-00,1,4,19,27,34,35,28,,
2274,21-03-00,5,21,27,29,43,45,7,,
2275,14-03-00,9,12,25,37,43,44,48,,
2276,07-03-00,2,10,30,31,44,46,24,,
2277,29-02-00,14,20,21,34,42,48,6,,
2278,22-02-00,3,13,14,15,28,29,19,,
2279,15-02-00,11,13,31,38,39,44,19,,
2280,08-02-00,2,11,20,26,44,47,1,,
2281,01-02-00,3,7,10,12,22,23,29,,
2282,25-01-00,7,10,16,26,42,49,3,,
2283,18-01-00,4,11,20,24,30,31,37,,
2284,11-01-00,1,4,14,22,34,37,21,,
2285,04-01-00,27,29,32,37,43,45,30,,
